프로그램명,만족도,유익성,진행자,진로취업도움,커리큘럼적정성,추후참여,학과,연령,학년,성별
One-day 입사사류,1,1,1,1,1,3,건축학과,21,3,2
One-day 입사사류,1,1,1,1,1,3,건축학과,24,4,2
One-day 입사사류,1,1,1,1,1,3,건축학과,24,4,1
One-day 입사사류,1,1,1,1,1,3,건축학과,25,4,1
One-day 입사사류,1,1,1,1,1,1,건축학과,23,4,1
One-day 입사사류,1,1,1,1,1,1,건축학과,23,4,1
One-day 입사사류,1,1,1,1,1,4,건축학과,24,4,1
One-day 입사사류,2,1,1,1,1,2,건축학과,21,4,2
One-day 입사사류,1,1,1,1,1,3,건축학과,21,4,1
One-day 입사사류,1,1,1,1,1,2,건축학과,23,4,1
One-day 입사사류,3,2,2,3,2,1,건축학과,23,4,1
One-day 입사사류,3,3,3,3,3,1,건축학과,22,4,1
One-day 입사사류,3,2,2,1,2,4,건축학과,25,4,1
One-day 입사사류,1,1,1,1,1,1,건축학과,24,4,1
공모전을 취업에 활용하기,1,2,1,2,2,2,건축학과,24,3,2
공모전을 취업에 활용하기,2,2,1,2,2,4,건축학과,20,2,2
공모전을 취업에 활용하기,1,2,1,2,2,1,건축학과,20,3,2
공모전을 취업에 활용하기,1,1,1,2,2,4,건축학과,19,2,2
공모전을 취업에 활용하기,2,3,2,3,2,3,건축학과,19,2,2
공모전을 취업에 활용하기,9999,2,1,3,2,5,건축학과,20,2,2
공모전을 취업에 활용하기,3,2,2,2,2,4,건축학과,20,2,2
공모전을 취업에 활용하기,2,2,2,3,3,6,건축학과,22,3,1
공모전을 취업에 활용하기,1,2,1,2,2,5,건축학과,21,3,2
공모전을 취업에 활용하기,1,2,2,2,2,9999,건축학과,24,3,1
공모전을 취업에 활용하기,1,1,1,2,2,2,건축학과,23,3,1
공모전을 취업에 활용하기,1,2,2,1,1,1,건축학과,24,3,1
공모전을 취업에 활용하기,2,2,2,2,2,5,건축학과,23,3,1
NCS기반 취업완전정복특강,1,1,1,1,1,1,건축학과,22,3,1
NCS기반 취업완전정복특강,1,1,1,1,1,1,건축학과,22,3,1
NCS기반 취업완전정복특강,1,1,1,1,1,4,건축학과,22,3,1
NCS기반 취업완전정복특강,2,3,3,3,3,4,건축학과,23,3,1
NCS기반 취업완전정복특강,1,1,1,1,1,3,건축학과,22,3,1
NCS기반 취업완전정복특강,2,2,1,2,2,6,건축학과,24,3,1
NCS기반 취업완전정복특강,1,1,1,1,1,4,건축학과,22,3,1
NCS기반 취업완전정복특강,1,2,2,2,1,2,건축학과,23,3,1
NCS기반 취업완전정복특강,2,3,1,3,2,1,건축학과,22,3,1
NCS기반 취업완전정복특강,1,1,1,1,1,3,건축학과,24,3,1
NCS기반 취업완전정복특강,2,2,2,2,2,4,건축학과,21,3,2
NCS기반 취업완전정복특강,3,3,3,3,3,4,건축학과,20,3,2
NCS기반 취업완전정복특강,1,2,1,1,1,5,건축학과,19,2,1
NCS기반 취업완전정복특강,1,1,1,1,1,2,건축학과,19,2,1
NCS기반 취업완전정복특강,1,1,1,1,1,2,건축학과,19,2,1
NCS기반 취업완전정복특강,2,2,2,2,2,2,건축학과,21,2,1
NCS기반 취업완전정복특강,1,1,1,1,1,2,건축학과,19,2,1
NCS기반 취업완전정복특강,2,3,3,3,3,6,건축학과,20,2,1
NCS기반 취업완전정복특강,1,1,1,1,1,3,건축학과,21,2,1
NCS기반 취업완전정복특강,2,3,1,2,2,2,건축학과,20,2,1
NCS기반 취업완전정복특강,1,1,1,1,1,2,건축학과,19,2,1
NCS기반 취업완전정복특강,2,2,2,2,2,2,건축학과,20,2,1
NCS기반 취업완전정복특강,1,1,1,1,1,3,건축학과,20,2,2
NCS기반 취업완전정복특강,1,1,1,1,1,1,건축학과,22,2,1
NCS기반 취업완전정복특강,1,1,1,1,1,3,건축학과,20,2,1
NCS기반 취업완전정복특강,2,2,2,2,2,3,건축학과,22,2,1
NCS기반 취업완전정복특강,2,2,2,2,3,3,건축학과,19,2,1
NCS기반 취업완전정복특강,1,1,1,2,2,2,건축학과,23,2,1
NCS기반 취업완전정복특강,1,1,1,1,1,3,건축학과,20,2,1
NCS기반 취업완전정복특강,1,1,1,1,1,3,건축학과,19,2,1
NCS기반 취업완전정복특강,1,1,1,1,1,4,건축학과,20,2,1
NCS기반 취업완전정복특강,1,1,1,1,1,1,건축학과,21,2,1
NCS기반 취업완전정복특강,2,2,2,1,2,4,건축학과,21,2,1
NCS기반 취업완전정복특강,1,1,1,1,1,1,건축학과,19,2,1
NCS기반 취업완전정복특강,1,1,1,1,1,6,건축학과,19,2,1
NCS기반 취업완전정복특강,1,1,1,1,1,6,건축학과,21,2,1
데일카네기 리더십캠프,2,2,2,2,2,1,건축학과,19,1,2
데일카네기 리더십캠프,1,1,1,1,1,2,건축학과,18,1,2
데일카네기 리더십캠프,3,2,2,2,3,4,건축학과,19,1,1
데일카네기 리더십캠프,1,1,1,1,1,2,건축학과,20,2,2
데일카네기 리더십캠프,1,1,1,1,1,5,건축학과,21,2,1
데일카네기 리더십캠프,1,2,2,1,2,4,건축학과,22,2,1
데일카네기 리더십캠프,1,1,1,1,1,1,건축학과,18,1,1
데일카네기 리더십캠프,1,1,1,1,2,5,건축학과,20,2,2
데일카네기 리더십캠프,1,2,2,1,2,8,건축학과,20,2,2
데일카네기 리더십캠프,1,1,1,1,1,6,건축학과,18,1,1
데일카네기 리더십캠프,3,3,3,3,3,4,건축학과,18,1,1
데일카네기 리더십캠프,1,1,1,1,1,2,건축학과,18,1,1
데일카네기 리더십캠프,2,2,2,2,1,4,건축학과,19,1,2
데일카네기 리더십캠프,1,1,1,2,2,5,건축학과,19,1,1
데일카네기 리더십캠프,2,2,1,2,1,2,건축학과,19,1,1
데일카네기 리더십캠프,2,1,1,1,1,6,건축학과,18,1,2
데일카네기 리더십캠프,1,1,1,1,1,2,건축학과,18,1,2
데일카네기 리더십캠프,2,2,2,2,2,2,건축학과,18,1,2
데일카네기 리더십캠프,3,3,3,3,3,1,건축학과,19,2,2
데일카네기 리더십캠프,2,2,2,2,2,2,건축학과,18,1,2
데일카네기 리더십캠프,2,2,1,2,2,6,건축학과,19,1,2
데일카네기 리더십캠프,1,1,1,1,1,5,건축학과,18,1,2
데일카네기 리더십캠프,1,1,1,1,2,6,건축학과,19,1,1
데일카네기 리더십캠프,1,1,1,1,1,2,건축학과,18,1,1
데일카네기 리더십캠프,1,1,1,1,1,4,건축학과,18,1,2
데일카네기 리더십캠프,1,2,1,1,2,7,건축학과,22,2,2
데일카네기 리더십캠프,1,1,1,1,1,4,건축학과,18,1,2
데일카네기 리더십캠프,1,1,1,1,1,2,건축학과,19,1,1
데일카네기 리더십캠프,2,3,2,3,2,2,건축학과,18,1,1
데일카네기 리더십캠프,1,1,1,1,1,1,건축학과,22,1,1
데일카네기 리더십캠프,1,1,1,1,1,6,건축학과,18,1,1
데일카네기 리더십캠프,3,2,1,2,3,1,건축학과,19,1,2
데일카네기 리더십캠프,1,1,1,1,1,1,건축학과,20,1,1
데일카네기 리더십캠프,1,1,1,2,2,3,건축학과,19,1,1
데일카네기 리더십캠프,3,3,3,3,3,2,건축학과,19,1,1
데일카네기 리더십캠프,1,1,1,1,1,2,건축학과,18,1,1
데일카네기 리더십캠프,1,1,1,1,1,2,건축학과,20,1,1
데일카네기 리더십캠프,1,3,3,3,3,6,건축학과,20,1,1
데일카네기 리더십캠프,1,1,1,1,1,5,건축학과,18,1,1
데일카네기 리더십캠프,2,2,2,2,2,2,건축학과,18,1,1
데일카네기 리더십캠프,1,1,1,1,1,1,건축학과,20,1,1
데일카네기 리더십캠프,2,2,1,2,2,3,건축학과,19,1,1
데일카네기 리더십캠프,3,1,1,1,1,9,건축학과,18,1,1
데일카네기 리더십캠프,3,3,3,3,3,2,건축학과,19,1,2
데일카네기 리더십캠프,1,1,1,1,1,2,건축학과,18,1,1
데일카네기 리더십캠프,1,1,1,1,1,2,건축학과,18,1,1
데일카네기 리더십캠프,2,2,2,2,2,5,건축학과,18,1,2
데일카네기 리더십캠프,1,1,1,1,1,1,건축학과,18,1,1
데일카네기 리더십캠프,3,3,3,3,3,2,건축학과,18,1,1
CAP+,1,1,1,1,1,4,건축학과,20,2,1
CAP+,1,1,2,2,2,3,건축학과,22,2,1
CAP+,1,1,1,1,1,6,건축학과,19,2,1
CAP+,1,1,1,1,1,2,건축학과,19,2,1
영업마케팅,2,1,1,2,1,2,경영정보학과,24,4,1
영업마케팅,1,2,2,1,1,1,경영정보학과,25,4,1
영업마케팅,2,2,1,2,1,2,경영정보학과,24,4,1
영업마케팅,1,1,2,1,1,2,경영정보학과,24,4,1
영업마케팅,1,1,1,2,2,1,경영정보학과,23,3,1
영업마케팅,1,1,1,1,1,2,경영정보학과,23,3,1
영업마케팅,1,1,3,1,1,2,경영정보학과,24,4,1
영업마케팅,2,2,2,2,1,2,경영정보학과,24,4,1
영업마케팅,3,1,2,1,1,1,경영정보학과,25,4,1
영업마케팅,2,1,1,2,1,2,경영정보학과,23,3,1
영업마케팅,2,2,1,2,1,2,경영정보학과,24,4,1
영업마케팅,2,1,1,2,1,2,경영정보학과,25,4,1
영업마케팅,2,1,3,2,2,1,경영정보학과,24,4,1
영업마케팅,1,2,1,1,1,2,경영정보학과,23,3,1
영업마케팅,1,2,3,1,1,1,경영정보학과,24,4,1
영업마케팅,1,1,1,1,1,2,경영정보학과,24,4,1
영업마케팅,2,1,1,1,1,2,경영정보학과,24,4,1
영업마케팅,2,3,3,2,2,6,경영정보학과,28,4,1
영업마케팅,3,1,1,2,1,6,경영정보학과,24,4,1
영업마케팅,2,3,1,2,2,6,경영정보학과,24,4,1
영업마케팅,3,1,2,2,1,1,경영정보학과,23,3,1
영업마케팅,2,1,1,2,1,6,경영정보학과,24,4,1
영업마케팅,3,1,1,2,1,1,경영정보학과,23,3,1
영업마케팅,2,1,2,2,2,6,경영정보학과,24,4,1
영업마케팅,3,1,1,2,1,6,경영정보학과,24,4,1
영업마케팅,2,1,2,2,1,1,경영정보학과,25,4,1
영업마케팅,2,1,2,2,1,6,경영정보학과,24,4,1
영업마케팅,2,2,2,2,3,1,경영정보학과,23,3,1
영업마케팅,2,1,1,2,1,6,경영정보학과,24,4,1
영업마케팅,3,1,3,2,3,6,경영정보학과,24,4,1
영업마케팅,2,2,1,2,1,2,경영정보학과,23,4,1
영업마케팅,1,1,2,1,2,2,경영정보학과,24,4,2
영업마케팅,2,1,1,2,1,2,경영정보학과,24,4,2
영업마케팅,1,1,1,1,2,2,경영정보학과,23,4,2
영업마케팅,3,1,3,2,1,2,경영정보학과,24,4,2
영업마케팅,1,1,1,1,4,1,경영정보학과,24,4,2
영업마케팅,2,1,2,2,2,2,경영정보학과,24,4,2
영업마케팅,2,1,1,2,1,2,경영정보학과,24,4,2
영업마케팅,1,1,1,1,2,1,경영정보학과,24,4,2
컴퓨터활용능력,2,2,3,3,3,9999,경영정보학과,24,3,1
컴퓨터활용능력,1,1,1,1,1,9999,경영정보학과,24,2,1
e-Test,2,1,1,2,1,9999,경영정보학과,22,3,2
e-Test,2,1,1,1,2,9999,경영정보학과,25,3,2
e-Test,1,1,1,1,1,9999,경영정보학과,25,4,2
e-Test,1,1,1,1,1,9999,경영정보학과,25,4,2
One-day 입사사류,2,2,1,2,3,1,경영정보학과,26,4,1
One-day 입사사류,2,1,2,2,1,1,경영정보학과,22,4,2
One-day 입사사류,1,1,1,1,1,2,경영정보학과,22,4,2
One-day 입사사류,1,1,1,1,1,2,경영정보학과,24,4,1
One-day 입사사류,2,1,1,1,2,3,경영정보학과,23,4,1
One-day 입사사류,1,1,1,1,1,2,경영정보학과,24,4,1
One-day 입사사류,1,1,1,1,1,5,경영정보학과,24,4,1
One-day 입사사류,1,1,1,1,1,4,경영정보학과,23,4,1
One-day 입사사류,2,2,2,2,2,4,경영정보학과,22,4,2
One-day 입사사류,1,1,1,1,1,4,경영정보학과,21,4,2
One-day 입사사류,1,1,1,1,1,2,경영정보학과,24,4,1
One-day 입사사류,1,1,1,1,2,6,경영정보학과,25,4,1
One-day 입사사류,1,1,1,1,1,1,경영정보학과,23,4,1
One-day 입사사류,1,1,1,1,1,1,경영정보학과,24,4,1
One-day 입사사류,1,2,2,2,2,3,경영정보학과,25,4,1
One-day 입사사류,1,1,1,1,1,1,경영정보학과,24,4,1
One-day 입사사류,2,1,1,1,1,1,경영정보학과,24,4,1
One-day 입사사류,1,1,1,1,1,1,경영정보학과,23,4,1
One-day 입사사류,3,2,2,2,2,3,경영정보학과,26,3,1
데일카네기 리더십캠프,2,2,1,2,2,4,경영정보학과,19,2,1
데일카네기 리더십캠프,1,1,1,2,2,3,경영정보학과,28,4,1
데일카네기 리더십캠프,2,2,1,3,2,5,경영정보학과,20,3,2
데일카네기 리더십캠프,1,1,1,3,1,2,경영정보학과,21,3,2
CAP+,2,2,1,2,2,4,경영정보학과,19,2,1
CAP+,1,1,1,1,1,2,경영정보학과,23,3,1
CAP+,1,1,1,1,1,7,경영정보학과,20,3,2
CAP+,2,2,2,2,2,4,경영정보학과,20,3,2
컴퓨터활용능력,1,1,1,2,1,9999,경영학과,25,4,2
컴퓨터활용능력,2,2,2,2,2,9999,경영학과,24,2,1
컴퓨터활용능력,3,2,1,2,3,9999,경영학과,24,2,1
컴퓨터활용능력,1,1,1,1,1,9999,경영학과,26,3,1
컴퓨터활용능력,1,1,1,2,2,9999,경영학과,25,3,1
e-Test,1,2,1,2,2,9999,경영학과,24,3,1
e-Test,1,1,1,1,1,9999,경영학과,25,4,2
e-Test,2,2,2,2,3,9999,경영학과,24,4,2
e-Test,1,2,1,1,2,9999,경영학과,25,4,1
e-Test,1,1,1,1,1,9999,경영학과,24,4,1
e-Test,1,2,1,3,2,9999,경영학과,27,2,1
One-day 입사사류,1,1,1,1,1,1,경영학과,24,4,1
One-day 입사사류,1,1,1,1,1,4,경영학과,22,4,2
One-day 입사사류,1,1,1,1,1,2,경영학과,25,4,1
One-day 입사사류,1,2,1,1,1,8,경영학과,25,4,1
One-day 입사사류,1,2,2,2,2,4,경영학과,23,4,1
One-day 입사사류,1,2,2,2,2,3,경영학과,22,4,2
One-day 입사사류,1,1,1,1,1,2,경영학과,23,4,1
One-day 입사사류,1,2,2,1,2,4,경영학과,23,4,1
One-day 입사사류,1,1,1,1,1,2,경영학과,23,4,1
One-day 입사사류,1,1,1,1,1,7,경영학과,22,4,2
One-day 입사사류,1,1,1,1,1,6,경영학과,25,4,1
해외취업에 대한 A to Z,2,2,1,2,2,2,경영학부,20,1,2
컴퓨터활용능력,1,1,2,1,1,9999,경찰행정학과,22,3,1
컴퓨터활용능력,2,1,1,2,1,9999,경찰행정학과,22,3,2
e-Test,1,1,1,1,1,9999,경찰행정학과,21,4,1
One-day 입사사류,1,1,1,1,1,4,경찰행정학과,26,4,2
One-day 입사사류,1,1,1,1,1,6,경찰행정학과,28,4,1
One-day 입사사류,2,2,1,2,2,2,경찰행정학과,23,4,1
One-day 입사사류,2,2,1,2,2,2,경찰행정학과,23,4,1
One-day 입사사류,2,1,1,1,1,1,경찰행정학과,22,4,2
One-day 입사사류,1,2,2,2,2,2,경찰행정학과,25,4,1
One-day 입사사류,1,1,1,1,1,1,경찰행정학과,23,4,1
One-day 입사사류,1,1,1,1,1,8,경찰행정학과,24,4,1
One-day 입사사류,2,1,1,1,1,2,경찰행정학과,23,4,2
One-day 입사사류,1,1,1,1,1,2,경찰행정학과,22,4,2
One-day 입사사류,1,1,1,1,1,3,경찰행정학과,23,4,1
One-day 입사사류,1,1,1,1,1,2,경찰행정학과,24,4,1
One-day 입사사류,1,1,1,1,1,3,경찰행정학과,23,4,1
One-day 입사사류,1,1,1,1,1,2,경찰행정학과,24,4,1
One-day 입사사류,1,1,1,1,1,4,경찰행정학과,25,4,1
One-day 입사사류,1,1,1,1,1,2,경찰행정학과,27,4,1
인문계열취업가이드,3,2,2,3,3,3,경찰행정학과,19,2,1
인문계열취업가이드,4,4,4,4,4,4,경찰행정학과,9999,9999,9999
인문계열취업가이드,2,1,9999,2,1,4,경찰행정학과,20,2,1
인문계열취업가이드,1,2,1,2,1,2,경찰행정학과,20,2,2
인문계열취업가이드,5,2,2,1,2,4,경찰행정학과,21,3,2
인문계열취업가이드,2,1,2,1,1,3,경찰행정학과,21,3,2
인문계열취업가이드,1,1,1,1,1,4,경찰행정학과,20,3,2
인문계열취업가이드,2,2,2,2,2,4,경찰행정학과,22,3,2
인문계열취업가이드,2,2,2,2,2,8,경찰행정학과,20,3,2
인문계열취업가이드,2,2,2,1,2,2,경찰행정학과,22,3,1
인문계열취업가이드,3,3,2,3,3,4,경찰행정학과,23,3,1
인문계열취업가이드,1,1,1,1,1,5,경찰행정학과,20,3,2
인문계열취업가이드,1,1,2,1,1,2,경찰행정학과,21,3,1
인문계열취업가이드,3,3,2,3,2,6,경찰행정학과,21,2,2
인문계열취업가이드,3,3,3,3,3,2,경찰행정학과,23,2,1
인문계열취업가이드,2,2,1,3,2,9999,경찰행정학과,23,3,1
인문계열취업가이드,1,1,1,1,1,9999,경찰행정학과,23,3,1
인문계열취업가이드,1,1,1,1,1,6,경찰행정학과,23,3,1
인문계열취업가이드,2,2,2,2,2,2,경찰행정학과,20,2,2
인문계열취업가이드,3,3,3,3,3,9,경찰행정학과,22,3,1
인문계열취업가이드,2,2,2,2,2,1,경찰행정학과,20,3,2
인문계열취업가이드,3,2,3,3,2,6,경찰행정학과,21,3,2
인문계열취업가이드,3,3,3,3,3,2,경찰행정학과,19,2,1
인문계열취업가이드,2,2,1,2,2,2,경찰행정학과,24,2,1
컴퓨터활용능력,1,1,1,1,1,9999,광고홍보학과,25,3,1
컴퓨터활용능력,1,1,1,1,1,9999,광고홍보학과,20,1,2
e-Test,1,1,1,1,1,9999,광고홍보학과,23,4,2
e-Test,1,1,1,1,1,9999,광고홍보학과,23,4,2
e-Test,1,1,1,1,1,9999,광고홍보학과,23,4,1
e-Test,1,1,1,1,1,9999,광고홍보학과,23,3,2
e-Test,1,1,1,1,1,9999,광고홍보학과,23,2,2
e-Test,1,1,1,1,1,9999,광고홍보학과,23,4,1
e-Test,1,1,1,1,1,9999,광고홍보학과,22,4,1
e-Test,1,1,1,1,1,9999,광고홍보학과,23,3,2
e-Test,1,1,1,1,1,9999,광고홍보학과,25,4,1
e-Test,1,1,1,1,1,9999,광고홍보학과,26,4,1
e-Test,1,1,1,1,1,9999,광고홍보학과,25,4,1
인문계열취업가이드,1,1,2,1,1,4,광고홍보학과,27,2,1
해외취업에 대한 A to Z,2,2,2,2,2,9,광고홍보학과,20,3,2
해외취업에 대한 A to Z,1,1,1,1,1,4,광고홍보학과,18,1,2
충북우수중소기업바로알기특강,1,1,1,1,1,6,광고홍보학과,24,4,2
중견기업 히든챔피언바로알기,2,2,2,2,2,2,광고홍보학과,23,3,1
중견기업 히든챔피언바로알기,1,1,1,1,1,3,광고홍보학과,23,3,1
중견기업 히든챔피언바로알기,2,2,2,2,2,2,광고홍보학과,23,2,1
중견기업 히든챔피언바로알기,1,1,1,1,1,3,광고홍보학과,23,1,2
취업성공을 위한 알짜정보탐색특강,2,2,2,2,2,4,광고홍보학과,20,2,1
공모전을 취업에 활용하기,3,3,2,3,3,1,광고홍보학과,21,3,2
공모전을 취업에 활용하기,9999,2,2,2,2,5,광고홍보학과,21,3,2
공모전을 취업에 활용하기,2,2,2,2,2,4,광고홍보학과,20,3,2
공모전을 취업에 활용하기,1,1,1,1,1,4,광고홍보학과,27,2,1
공모전을 취업에 활용하기,2,2,2,2,2,4,광고홍보학과,20,2,1
공모전을 취업에 활용하기,9999,2,1,2,1,1,광고홍보학과,23,4,1
공모전을 취업에 활용하기,2,2,1,2,2,1,광고홍보학과,23,4,1
공모전을 취업에 활용하기,2,2,1,2,2,5,광고홍보학과,19,2,2
공모전을 취업에 활용하기,2,1,1,1,1,5,광고홍보학과,19,2,2
공모전을 취업에 활용하기,9999,3,2,3,3,2,광고홍보학과,20,3,2
공모전을 취업에 활용하기,2,2,2,2,3,1,광고홍보학과,20,3,2
공모전을 취업에 활용하기,2,2,1,2,1,1,광고홍보학과,20,3,2
공모전을 취업에 활용하기,1,1,1,1,1,5,광고홍보학과,21,4,1
여대생 취업 DNA를 깨워라,1,1,1,1,1,1,광고홍보학과,21,4,2
여대생 취업 DNA를 깨워라,3,3,2,2,3,6,광고홍보학과,21,4,2
여대생 취업 DNA를 깨워라,3,3,3,3,3,5,광고홍보학과,20,2,2
여대생 취업 DNA를 깨워라,1,1,1,1,2,3,광고홍보학과,19,2,2
여대생 취업 DNA를 깨워라,2,2,1,1,2,4,광고홍보학과,19,2,2
여대생 취업 DNA를 깨워라,2,2,2,2,2,1,광고홍보학과,19,2,2
여대생 취업 DNA를 깨워라,2,3,3,3,3,9,광고홍보학과,20,3,2
여대생 취업 DNA를 깨워라,3,3,3,3,3,6,광고홍보학과,20,3,2
여대생 취업 DNA를 깨워라,3,2,3,3,2,1,광고홍보학과,21,3,2
여대생 취업 DNA를 깨워라,3,3,3,3,3,5,광고홍보학과,21,3,2
여대생 취업 DNA를 깨워라,3,3,3,3,3,4,광고홍보학과,21,3,2
여대생 취업 DNA를 깨워라,2,2,1,2,3,7,광고홍보학과,20,3,2
여대생 취업 DNA를 깨워라,1,1,1,1,1,4,광고홍보학과,18,1,2
여대생 취업 DNA를 깨워라,1,1,1,1,1,1,광고홍보학과,21,4,2
여대생 취업 DNA를 깨워라,3,3,3,3,3,2,광고홍보학과,21,3,2
CAP+,2,1,1,2,2,4,광고홍보학과,23,3,1
One-day 입사사류,1,1,1,1,1,1,교육학과,21,4,2
One-day 입사사류,1,1,1,1,1,2,교육학과,21,4,2
One-day 입사사류,2,1,1,1,2,4,교육학과,21,4,2
One-day 입사사류,1,1,1,1,1,1,교육학과,21,4,2
One-day 입사사류,1,1,1,1,1,1,교육학과,24,4,1
One-day 입사사류,1,1,1,1,1,1,교육학과,21,4,2
One-day 입사사류,1,1,2,1,1,3,교육학과,21,4,2
One-day 입사사류,1,2,1,2,2,2,교육학과,24,4,1
One-day 입사사류,1,1,1,1,1,2,교육학과,23,4,1
컴퓨터활용능력,1,1,1,1,1,9999,국어교육과,22,3,2
e-Test,1,1,1,1,1,9999,금융보험학과,25,4,1
e-Test,1,1,1,1,1,9999,금융보험학과,23,4,1
e-Test,1,1,1,1,1,9999,금융보험학과,23,4,1
e-Test,1,1,1,1,1,9999,금융보험학과,25,3,2
e-Test,1,1,1,1,1,9999,금융보험학과,26,4,1
e-Test,1,1,1,1,1,9999,금융보험학과,24,3,1
e-Test,1,1,1,1,1,9999,금융보험학과,24,4,1
e-Test,1,1,1,1,1,9999,금융보험학과,21,4,2
One-day 입사사류,1,1,1,1,1,4,금융보험학과,21,4,1
One-day 입사사류,2,3,2,2,2,1,금융보험학과,24,4,1
One-day 입사사류,1,1,1,1,2,1,금융보험학과,23,4,1
One-day 입사사류,2,2,2,2,2,2,금융보험학과,21,4,2
One-day 입사사류,3,2,3,2,2,3,금융보험학과,24,3,2
One-day 입사사류,3,2,2,2,2,9,금융보험학과,24,4,1
One-day 입사사류,2,2,2,2,2,2,금융보험학과,21,4,2
One-day 입사사류,1,2,2,2,2,1,금융보험학과,22,4,2
One-day 입사사류,1,1,1,1,1,2,금융보험학과,25,4,1
One-day 입사사류,1,1,1,1,1,1,금융보험학과,27,4,1
One-day 입사사류,1,1,1,1,2,1,금융보험학과,23,4,1
One-day 입사사류,1,1,1,1,1,2,금융보험학과,24,4,1
One-day 입사사류,3,3,3,3,3,1,금융보험학과,21,4,2
One-day 입사사류,1,1,1,1,1,2,금융보험학과,21,4,1
One-day 입사사류,1,2,2,2,2,2,금융보험학과,23,4,1
One-day 입사사류,2,2,2,3,3,1,금융보험학과,23,3,1
One-day 입사사류,1,1,1,1,1,9,금융보험학과,24,4,1
One-day 입사사류,1,3,1,3,1,4,금융보험학과,24,4,1
One-day 입사사류,2,2,1,2,2,2,금융보험학과,23,4,1
One-day 입사사류,2,1,2,2,2,2,금융보험학과,22,4,2
One-day 입사사류,2,1,1,1,1,3,금융보험학과,21,4,2
One-day 입사사류,2,1,1,1,1,3,금융보험학과,21,4,2
One-day 입사사류,1,1,1,1,1,2,금융보험학과,25,4,1
One-day 입사사류,1,1,1,1,1,2,금융보험학과,24,4,1
One-day 입사사류,2,2,3,3,3,3,금융보험학과,22,4,2
One-day 입사사류,1,1,1,1,1,2,금융보험학과,25,4,1
One-day 입사사류,1,1,1,1,1,1,금융보험학과,23,4,1
One-day 입사사류,2,2,1,2,1,2,금융보험학과,24,4,1
인문계열취업가이드,1,1,2,1,3,1,금융보험학과,19,2,2
인문계열취업가이드,2,3,1,2,2,1,금융보험학과,19,2,2
인문계열취업가이드,2,2,2,1,1,1,금융보험학과,20,2,2
인문계열취업가이드,2,1,1,2,2,1,금융보험학과,20,2,1
인문계열취업가이드,1,1,1,1,1,1,금융보험학과,20,1,2
인문계열취업가이드,2,3,3,3,3,6,금융보험학과,20,2,1
인문계열취업가이드,2,2,2,2,2,6,금융보험학과,19,2,1
인문계열취업가이드,2,2,2,2,2,1,금융보험학과,20,2,1
인문계열취업가이드,3,3,2,3,2,2,금융보험학과,19,2,2
인문계열취업가이드,1,2,1,1,2,2,금융보험학과,21,2,1
인문계열취업가이드,1,1,1,1,1,3,금융보험학과,21,2,1
인문계열취업가이드,1,1,1,1,1,4,금융보험학과,22,2,1
인문계열취업가이드,1,1,1,1,1,2,금융보험학과,22,2,1
인문계열취업가이드,2,2,1,2,2,6,금융보험학과,20,2,1
인문계열취업가이드,1,2,2,3,1,1,금융보험학과,19,2,1
인문계열취업가이드,2,2,2,2,2,4,금융보험학과,21,3,2
인문계열취업가이드,2,2,2,2,2,4,금융보험학과,21,3,2
인문계열취업가이드,2,2,2,2,2,4,금융보험학과,19,2,1
인문계열취업가이드,1,2,1,1,1,6,금융보험학과,19,2,2
인문계열취업가이드,1,1,1,1,1,2,금융보험학과,19,2,2
인문계열취업가이드,2,2,1,2,1,4,금융보험학과,19,2,2
인문계열취업가이드,2,2,1,2,1,9999,금융보험학과,19,2,2
인문계열취업가이드,1,1,1,1,1,1,금융보험학과,18,1,1
인문계열취업가이드,2,2,2,2,2,8,금융보험학과,19,2,1
인문계열취업가이드,2,2,2,2,3,2,금융보험학과,20,2,1
중견기업 히든챔피언바로알기,2,1,1,1,2,1,금융보험학과,23,3,1
중견기업 히든챔피언바로알기,2,2,2,2,2,6,금융보험학과,23,3,1
중견기업 히든챔피언바로알기,2,2,2,1,1,6,금융보험학과,23,3,1
중견기업 히든챔피언바로알기,2,2,2,2,2,4,금융보험학과,24,3,1
중견기업 히든챔피언바로알기,2,2,2,2,2,1,금융보험학과,22,3,1
중견기업 히든챔피언바로알기,1,1,1,1,1,1,금융보험학과,22,3,1
중견기업 히든챔피언바로알기,1,1,1,1,1,2,금융보험학과,23,3,1
중견기업 히든챔피언바로알기,2,2,2,3,2,6,금융보험학과,21,3,1
중견기업 히든챔피언바로알기,1,1,1,1,1,2,금융보험학과,21,2,1
중견기업 히든챔피언바로알기,2,1,1,1,1,2,금융보험학과,20,3,2
중견기업 히든챔피언바로알기,2,2,1,2,2,2,금융보험학과,20,3,2
중견기업 히든챔피언바로알기,1,2,2,2,2,1,금융보험학과,21,3,2
중견기업 히든챔피언바로알기,1,1,1,1,1,1,금융보험학과,21,3,2
중견기업 히든챔피언바로알기,3,2,1,2,2,6,금융보험학과,21,3,2
중견기업 히든챔피언바로알기,3,3,3,3,3,4,금융보험학과,21,3,2
중견기업 히든챔피언바로알기,2,2,2,2,2,3,금융보험학과,21,3,2
중견기업 히든챔피언바로알기,2,2,1,2,2,2,금융보험학과,21,3,2
중견기업 히든챔피언바로알기,2,1,1,1,1,1,금융보험학과,22,3,2
중견기업 히든챔피언바로알기,1,1,1,1,1,2,금융보험학전공,22,3,1
중견기업 히든챔피언바로알기,2,2,2,3,2,6,금융보험학전공,22,3,1
중견기업 히든챔피언바로알기,1,1,1,1,1,2,금융보험학전공,22,3,1
중견기업 히든챔피언바로알기,2,2,2,3,2,6,금융보험학전공,22,3,1
중견기업 히든챔피언바로알기,1,1,1,1,1,2,금융보험학전공,22,3,1
중견기업 히든챔피언바로알기,2,1,1,1,1,2,금융보험학전공,22,3,1
중견기업 히든챔피언바로알기,2,2,1,2,2,2,금융보험학전공,22,3,1
중견기업 히든챔피언바로알기,1,2,2,2,2,1,금융보험학전공,22,3,1
중견기업 히든챔피언바로알기,1,1,1,1,1,1,금융보험학전공,22,3,2
중견기업 히든챔피언바로알기,3,2,1,2,2,6,금융보험학전공,22,3,2
중견기업 히든챔피언바로알기,3,3,3,3,3,4,금융보험학전공,22,3,2
e-Test,1,1,1,1,1,9999,레저스포츠학과,25,4,2
e-Test,1,1,1,1,1,9999,레저스포츠학과,25,4,1
One-day 입사사류,1,1,1,1,1,1,레저스포츠학과,25,4,1
One-day 입사사류,2,1,1,3,2,1,레저스포츠학과,23,4,1
One-day 입사사류,3,2,1,2,3,1,레저스포츠학과,24,4,1
One-day 입사사류,1,1,1,1,1,6,레저스포츠학과,24,4,1
One-day 입사사류,1,1,1,1,1,2,레저스포츠학과,23,4,1
One-day 입사사류,1,1,1,1,1,2,레저스포츠학과,24,4,1
One-day 입사사류,2,2,2,2,2,3,레저스포츠학과,23,4,1
One-day 입사사류,1,1,1,1,1,2,레저스포츠학과,23,4,1
One-day 입사사류,1,1,1,1,1,1,레저스포츠학과,21,4,2
One-day 입사사류,1,1,1,1,1,1,레저스포츠학과,21,4,2
One-day 입사사류,1,1,1,1,1,4,레저스포츠학과,22,4,1
One-day 입사사류,1,1,1,1,1,6,레저스포츠학과,23,4,1
One-day 입사사류,1,1,1,1,1,2,레저스포츠학과,23,4,1
One-day 입사사류,2,2,2,2,2,6,레저스포츠학과,26,4,1
One-day 입사사류,1,1,1,1,1,2,레저스포츠학과,21,4,2
취업성공을 위한 알짜정보탐색특강,1,1,1,1,1,9,레저스포츠학과,22,3,1
취업성공을 위한 알짜정보탐색특강,2,1,1,1,1,5,레저스포츠학과,20,3,1
취업성공을 위한 알짜정보탐색특강,2,2,2,2,2,5,레저스포츠학과,20,3,1
취업성공을 위한 알짜정보탐색특강,1,1,1,1,1,3,레저스포츠학과,20,2,1
취업성공을 위한 알짜정보탐색특강,2,2,1,2,3,2,레저스포츠학과,22,3,1
취업성공을 위한 알짜정보탐색특강,1,1,1,1,1,1,레저스포츠학과,20,2,1
취업성공을 위한 알짜정보탐색특강,1,2,2,2,2,4,레저스포츠학과,21,2,1
취업성공을 위한 알짜정보탐색특강,3,2,2,2,3,4,레저스포츠학과,19,2,2
취업성공을 위한 알짜정보탐색특강,1,1,1,1,1,4,레저스포츠학과,22,2,1
취업성공을 위한 알짜정보탐색특강,1,1,1,1,1,1,레저스포츠학과,20,2,1
취업성공을 위한 알짜정보탐색특강,1,1,1,1,1,1,레저스포츠학과,21,2,1
취업성공을 위한 알짜정보탐색특강,1,1,1,1,1,1,레저스포츠학과,20,2,1
취업성공을 위한 알짜정보탐색특강,3,2,3,2,2,5,레저스포츠학과,19,2,2
취업성공을 위한 알짜정보탐색특강,1,1,1,1,1,5,레저스포츠학과,22,2,1
취업성공을 위한 알짜정보탐색특강,1,1,1,1,1,1,레저스포츠학과,20,2,1
취업성공을 위한 알짜정보탐색특강,2,2,2,2,2,2,레저스포츠학과,20,3,2
취업성공을 위한 알짜정보탐색특강,2,3,2,2,2,3,레저스포츠학과,19,2,1
취업성공을 위한 알짜정보탐색특강,2,3,2,2,2,3,레저스포츠학과,20,2,1
취업성공을 위한 알짜정보탐색특강,2,1,1,2,2,1,레저스포츠학과,23,3,1
취업성공을 위한 알짜정보탐색특강,3,2,2,2,3,9,레저스포츠학과,23,3,1
취업성공을 위한 알짜정보탐색특강,2,3,2,3,3,4,레저스포츠학과,20,2,2
취업성공을 위한 알짜정보탐색특강,2,2,2,2,1,3,레저스포츠학과,20,3,1
커리어로드맵,1,1,1,1,1,4,레저스포츠학과,19,1,1
커리어로드맵,1,1,1,1,1,9,레저스포츠학과,19,1,1
커리어로드맵,2,2,2,2,3,4,레저스포츠학과,17,1,1
커리어로드맵,1,1,1,1,1,4,레저스포츠학과,19,1,2
커리어로드맵,1,2,1,3,2,4,레저스포츠학과,18,1,2
커리어로드맵,1,1,1,1,1,4,레저스포츠학과,18,1,1
커리어로드맵,2,2,2,2,2,6,레저스포츠학과,18,1,1
커리어로드맵,1,1,1,1,1,2,레저스포츠학과,18,1,1
커리어로드맵,2,2,1,2,2,2,레저스포츠학과,18,1,1
커리어로드맵,2,1,1,1,1,6,레저스포츠학과,19,1,2
커리어로드맵,1,1,1,1,1,7,레저스포츠학과,18,1,1
커리어로드맵,1,1,1,1,1,6,레저스포츠학과,18,1,1
커리어로드맵,2,2,2,2,2,4,레저스포츠학과,19,1,1
커리어로드맵,1,1,1,1,1,4,레저스포츠학과,19,1,1
커리어로드맵,1,1,1,1,1,4,레저스포츠학과,18,1,1
커리어로드맵,2,2,2,2,2,6,레저스포츠학과,18,1,1
커리어로드맵,3,2,2,2,2,4,레저스포츠학과,18,1,1
커리어로드맵,2,2,1,2,1,9,레저스포츠학과,18,1,1
커리어로드맵,1,1,1,1,1,4,레저스포츠학과,18,1,1
커리어로드맵,1,1,1,1,1,4,레저스포츠학과,18,1,1
커리어로드맵,1,1,1,1,1,4,레저스포츠학과,18,1,1
커리어로드맵,2,2,1,2,2,4,레저스포츠학과,19,1,1
커리어로드맵,2,3,3,3,3,4,레저스포츠학과,19,1,1
커리어로드맵,1,2,2,2,2,4,레저스포츠학과,18,1,1
커리어로드맵,3,1,1,1,1,6,레저스포츠학과,19,1,1
커리어로드맵,1,1,1,1,1,7,레저스포츠학과,22,1,1
커리어로드맵,1,1,1,1,1,4,레저스포츠학과,18,1,1
커리어로드맵,3,2,2,3,3,4,레저스포츠학과,18,1,1
커리어로드맵,1,1,1,1,1,2,레저스포츠학과,20,1,1
커리어로드맵,2,2,1,2,2,6,레저스포츠학과,18,1,1
커리어로드맵,1,1,1,1,1,4,레저스포츠학과,19,1,1
커리어로드맵,2,2,1,3,2,1,레저스포츠학과,18,1,1
커리어로드맵,1,2,1,2,2,4,레저스포츠학과,18,1,2
커리어로드맵,1,1,1,1,1,4,레저스포츠학과,18,1,2
커리어로드맵,2,3,2,2,3,2,레저스포츠학과,18,1,1
커리어로드맵,2,1,1,2,2,4,레저스포츠학과,19,1,1
커리어로드맵,3,3,3,3,3,4,레저스포츠학과,18,1,1
커리어로드맵,1,1,1,1,1,4,레저스포츠학과,18,1,1
커리어로드맵,2,2,2,2,2,4,레저스포츠학과,22,1,1
커리어로드맵,1,1,1,1,1,4,레저스포츠학과,18,1,2
One-day 입사사류,1,1,1,1,1,1,멀티미디어학과,21,4,2
One-day 입사사류,2,2,1,1,2,2,멀티미디어학과,21,4,2
One-day 입사사류,1,1,1,1,1,1,멀티미디어학과,24,4,1
One-day 입사사류,1,1,1,1,1,1,멀티미디어학과,22,4,2
One-day 입사사류,2,2,2,2,3,4,멀티미디어학과,21,4,2
One-day 입사사류,2,2,2,2,3,6,멀티미디어학과,21,4,2
One-day 입사사류,1,1,2,1,1,1,멀티미디어학과,23,4,1
One-day 입사사류,2,2,1,2,2,4,멀티미디어학과,21,4,2
One-day 입사사류,1,1,1,1,1,4,멀티미디어학과,21,4,2
One-day 입사사류,2,2,2,2,2,1,멀티미디어학과,22,4,2
One-day 입사사류,2,1,1,2,2,5,멀티미디어학과,23,4,2
One-day 입사사류,1,2,2,2,2,1,멀티미디어학과,23,4,1
One-day 입사사류,2,1,1,1,1,1,멀티미디어학과,23,4,1
One-day 입사사류,1,1,1,1,1,1,멀티미디어학과,23,4,1
공모전을 취업에 활용하기,2,2,2,2,3,6,멀티미디어학과,19,2,2
공모전을 취업에 활용하기,2,3,3,3,3,2,멀티미디어학과,21,2,1
공모전을 취업에 활용하기,2,2,2,2,2,4,멀티미디어학과,22,2,1
공모전을 취업에 활용하기,2,2,1,2,2,6,멀티미디어학과,22,2,1
공모전을 취업에 활용하기,1,2,2,1,2,2,멀티미디어학과,20,2,2
공모전을 취업에 활용하기,1,2,1,2,2,5,멀티미디어학과,20,2,2
공모전을 취업에 활용하기,9999,2,2,2,2,2,멀티미디어학과,20,2,2
공모전을 취업에 활용하기,2,2,2,2,2,7,멀티미디어학과,20,2,2
공모전을 취업에 활용하기,1,1,1,1,1,2,멀티미디어학과,20,2,1
공모전을 취업에 활용하기,3,2,2,2,2,7,멀티미디어학과,20,2,2
공모전을 취업에 활용하기,2,2,2,2,2,3,멀티미디어학과,19,2,2
공모전을 취업에 활용하기,1,1,1,1,1,1,멀티미디어학과,19,2,2
공모전을 취업에 활용하기,1,1,1,1,1,4,멀티미디어학과,19,2,2
공모전을 취업에 활용하기,1,1,1,1,1,9,멀티미디어학과,19,2,1
공모전을 취업에 활용하기,3,1,1,1,1,4,멀티미디어학과,19,2,1
공모전을 취업에 활용하기,2,2,2,2,2,2,멀티미디어학과,21,2,1
공모전을 취업에 활용하기,2,2,1,2,2,6,멀티미디어학과,21,2,1
공모전을 취업에 활용하기,2,1,1,1,2,2,멀티미디어학과,22,2,1
공모전을 취업에 활용하기,1,1,1,1,1,4,멀티미디어학과,21,2,1
공모전을 취업에 활용하기,1,1,1,1,1,6,멀티미디어학과,21,2,1
공모전을 취업에 활용하기,1,1,1,1,1,2,멀티미디어학과,23,2,1
공모전을 취업에 활용하기,2,2,1,2,2,5,멀티미디어학과,19,2,1
공모전을 취업에 활용하기,9999,2,4,3,2,5,멀티미디어학과,20,2,1
공모전을 취업에 활용하기,3,2,1,1,2,9999,멀티미디어학과,19,2,1
공모전을 취업에 활용하기,2,3,3,2,3,4,멀티미디어학과,23,2,1
공모전을 취업에 활용하기,1,1,1,1,1,5,멀티미디어학과,20,2,1
공모전을 취업에 활용하기,2,3,3,3,3,5,멀티미디어학과,19,2,1
공모전을 취업에 활용하기,1,1,1,1,1,2,멀티미디어학과,23,3,1
공모전을 취업에 활용하기,1,1,1,1,1,9999,멀티미디어학과,22,3,1
공모전을 취업에 활용하기,1,1,1,2,2,6,멀티미디어학과,23,3,1
공모전을 취업에 활용하기,1,2,1,1,1,2,멀티미디어학과,20,3,2
공모전을 취업에 활용하기,3,3,3,3,3,4,멀티미디어학과,20,3,2
공모전을 취업에 활용하기,2,2,2,2,2,1,멀티미디어학과,23,3,1
공모전을 취업에 활용하기,2,2,1,2,2,5,멀티미디어학과,23,3,1
공모전을 취업에 활용하기,1,1,1,1,1,5,멀티미디어학과,21,3,1
공모전을 취업에 활용하기,1,2,1,2,2,3,멀티미디어학과,23,3,1
공모전을 취업에 활용하기,1,1,1,1,1,6,멀티미디어학과,20,3,2
공모전을 취업에 활용하기,1,1,1,1,1,1,멀티미디어학과,23,3,1
공모전을 취업에 활용하기,1,1,1,1,1,5,멀티미디어학과,22,3,1
공모전을 취업에 활용하기,1,2,1,2,2,1,멀티미디어학과,23,3,1
공모전을 취업에 활용하기,2,2,1,2,2,4,멀티미디어학과,20,3,2
공모전을 취업에 활용하기,2,1,1,2,2,2,멀티미디어학과,21,3,2
공모전을 취업에 활용하기,2,2,2,2,2,6,멀티미디어학과,22,3,1
공모전을 취업에 활용하기,1,2,1,2,2,1,멀티미디어학과,22,3,2
공모전을 취업에 활용하기,1,1,1,1,1,1,멀티미디어학과,23,3,1
공모전을 취업에 활용하기,1,1,1,1,2,1,멀티미디어학과,23,3,1
공모전을 취업에 활용하기,1,1,1,1,2,3,멀티미디어학과,20,3,2
무역실무,1,1,1,1,1,3,무역학과,20,2,2
무역실무,2,2,2,1,2,1,무역학과,24,4,2
무역실무,2,2,1,2,1,2,무역학과,21,2,2
무역실무,2,2,3,2,1,1,무역학과,19,2,2
무역실무,3,1,1,1,2,4,무역학과,19,2,2
무역실무,1,1,2,1,1,1,무역학과,19,1,2
무역실무,2,2,1,1,2,6,무역학과,19,2,2
무역실무,1,1,1,3,1,3,무역학과,20,2,2
무역실무,1,2,1,3,1,6,무역학과,24,4,2
무역실무,3,1,2,1,1,2,무역학과,21,2,1
무역실무,1,2,3,1,1,6,무역학과,19,2,2
무역실무,2,1,1,4,2,4,무역학과,20,2,2
무역실무,3,1,3,1,1,4,무역학과,24,4,1
무역실무,1,2,1,1,1,6,무역학과,21,2,1
무역실무,2,2,2,3,2,6,무역학과,21,2,2
무역실무,2,2,2,3,1,6,무역학과,21,2,2
무역실무,2,2,2,3,2,6,무역학과,21,2,2
무역실무,2,2,2,3,1,6,무역학과,21,2,2
e-Test,1,1,1,1,1,9999,무역학과,27,4,2
One-day 입사사류,1,1,1,1,1,2,무역학과,23,3,1
One-day 입사사류,1,1,1,1,1,6,무역학과,22,2,1
One-day 입사사류,2,2,2,2,2,4,무역학과,23,4,1
One-day 입사사류,1,1,1,1,1,1,무역학과,24,4,1
One-day 입사사류,1,1,1,1,1,3,무역학과,23,3,1
One-day 입사사류,2,2,2,2,2,2,무역학과,22,3,1
One-day 입사사류,3,3,3,3,3,6,무역학과,23,3,1
One-day 입사사류,1,1,1,1,2,1,무역학과,22,2,1
One-day 입사사류,1,1,1,1,1,1,무역학과,24,4,1
One-day 입사사류,1,1,1,1,1,1,무역학과,23,4,2
해외취업에 대한 A to Z,1,1,2,1,1,5,무역학과,20,2,1
해외취업에 대한 A to Z,1,1,1,1,1,2,무역학과,20,2,2
해외취업에 대한 A to Z,2,2,2,2,2,3,무역학과,24,4,1
해외취업에 대한 A to Z,3,3,3,3,3,3,무역학과,24,3,1
해외취업에 대한 A to Z,1,1,2,1,2,3,무역학과,24,4,1
해외취업에 대한 A to Z,1,1,1,1,1,4,무역학과,20,2,1
해외취업에 대한 A to Z,3,2,3,2,3,4,무역학과,21,3,2
해외취업에 대한 A to Z,2,2,2,2,3,3,무역학과,23,3,1
해외취업에 대한 A to Z,1,1,1,1,1,2,무역학과,23,3,1
해외취업에 대한 A to Z,2,1,1,1,1,3,무역학과,24,4,1
해외취업에 대한 A to Z,2,2,2,2,2,1,무역학과,22,3,2
해외취업에 대한 A to Z,3,2,2,2,2,2,무역학과,23,3,1
해외취업에 대한 A to Z,2,2,2,3,3,6,무역학과,23,2,1
해외취업에 대한 A to Z,2,2,2,2,2,6,무역학과,24,2,1
해외취업에 대한 A to Z,2,2,2,2,2,3,무역학과,19,2,1
해외취업에 대한 A to Z,3,3,3,2,3,4,무역학과,20,2,1
해외취업에 대한 A to Z,2,2,2,2,2,6,무역학과,19,2,2
컴퓨터활용능력,2,2,2,2,2,9999,바이오코스메틱학과,22,3,1
컴퓨터활용능력,2,2,2,2,2,9999,바이오코스메틱학과,24,3,1
컴퓨터활용능력,2,1,2,3,1,9999,바이오코스메틱학과,24,3,1
One-day 입사사류,3,2,2,2,2,4,뷰티학과,21,4,2
One-day 입사사류,1,1,1,1,1,1,뷰티학과,22,4,2
One-day 입사사류,2,2,2,2,3,1,뷰티학과,21,4,2
One-day 입사사류,3,2,2,2,2,3,뷰티학과,22,4,2
One-day 입사사류,2,2,1,2,2,2,뷰티학과,25,4,1
One-day 입사사류,1,1,1,1,1,3,뷰티학과,23,4,1
One-day 입사사류,2,2,2,2,2,4,뷰티학과,24,4,2
One-day 입사사류,1,1,1,1,1,1,뷰티학과,22,4,2
One-day 입사사류,1,1,1,1,1,1,뷰티학과,21,4,2
One-day 입사사류,1,1,1,1,1,4,뷰티학과,21,4,2
One-day 입사사류,1,1,1,1,1,7,뷰티학과,22,4,2
One-day 입사사류,1,1,1,1,1,6,뷰티학과,22,4,2
여대생 취업 DNA를 깨워라,2,2,2,2,2,1,뷰티학과,19,2,2
여대생 취업 DNA를 깨워라,1,1,1,1,1,1,뷰티학과,19,2,2
여대생 취업 DNA를 깨워라,1,1,1,1,1,1,뷰티학과,20,2,2
여대생 취업 DNA를 깨워라,1,1,1,1,1,2,뷰티학과,19,2,2
여대생 취업 DNA를 깨워라,1,1,1,1,1,2,뷰티학과,20,2,2
여대생 취업 DNA를 깨워라,1,1,1,1,1,2,뷰티학과,20,2,2
여대생 취업 DNA를 깨워라,1,1,1,1,1,4,뷰티학과,21,3,2
여대생 취업 DNA를 깨워라,1,1,1,1,1,1,뷰티학과,19,2,2
여대생 취업 DNA를 깨워라,1,1,1,1,1,4,뷰티학과,19,2,2
여대생 취업 DNA를 깨워라,1,1,1,1,1,3,뷰티학과,19,2,2
여대생 취업 DNA를 깨워라,1,1,1,1,1,4,뷰티학과,20,2,2
여대생 취업 DNA를 깨워라,2,2,2,2,2,2,뷰티학과,20,2,2
여대생 취업 DNA를 깨워라,2,3,3,3,2,6,뷰티학과,20,3,2
여대생 취업 DNA를 깨워라,2,2,2,2,2,6,뷰티학과,19,3,2
여대생 취업 DNA를 깨워라,2,3,3,3,3,2,뷰티학과,19,2,2
여대생 취업 DNA를 깨워라,1,1,1,1,1,2,뷰티학과,19,2,2
여대생 취업 DNA를 깨워라,1,2,2,2,2,4,뷰티학과,20,3,2
여대생 취업 DNA를 깨워라,2,1,1,1,1,4,뷰티학과,20,3,2
여대생 취업 DNA를 깨워라,2,3,2,3,3,2,뷰티학과,20,2,2
여대생 취업 DNA를 깨워라,3,3,3,3,3,3,뷰티학과,19,2,2
여대생 취업 DNA를 깨워라,1,1,1,1,1,5,뷰티학과,20,3,2
데일카네기 리더십캠프,1,1,1,1,1,9,뷰티학과,18,1,2
데일카네기 리더십캠프,1,1,1,1,1,9,뷰티학과,19,1,2
데일카네기 리더십캠프,1,1,1,1,1,2,뷰티학과,18,1,2
데일카네기 리더십캠프,1,1,1,1,1,2,뷰티학과,19,1,2
데일카네기 리더십캠프,1,1,1,1,1,2,뷰티학과,19,1,2
데일카네기 리더십캠프,1,1,1,1,1,2,뷰티학과,18,1,2
데일카네기 리더십캠프,1,1,1,3,2,8,뷰티학과,19,2,2
데일카네기 리더십캠프,1,1,1,1,1,5,뷰티학과,18,1,2
데일카네기 리더십캠프,1,2,2,2,2,2,뷰티학과,17,1,2
데일카네기 리더십캠프,2,2,1,1,2,2,뷰티학과,18,1,2
데일카네기 리더십캠프,1,2,1,3,2,6,뷰티학과,18,1,2
데일카네기 리더십캠프,2,2,1,2,2,4,뷰티학과,18,1,2
데일카네기 리더십캠프,2,2,2,2,2,2,뷰티학과,18,1,2
데일카네기 리더십캠프,2,1,1,1,2,6,뷰티학과,18,1,2
데일카네기 리더십캠프,2,2,1,2,2,6,뷰티학과,18,1,2
데일카네기 리더십캠프,1,1,1,1,1,4,뷰티학과,18,1,2
데일카네기 리더십캠프,1,1,1,1,1,2,뷰티학과,18,1,2
데일카네기 리더십캠프,1,1,1,1,1,2,뷰티학과,18,1,2
데일카네기 리더십캠프,1,1,1,1,1,6,뷰티학과,20,1,2
데일카네기 리더십캠프,1,1,1,1,1,9,뷰티학과,18,1,2
데일카네기 리더십캠프,2,2,2,2,2,9,뷰티학과,18,1,2
데일카네기 리더십캠프,1,1,1,2,2,2,뷰티학과,18,1,2
데일카네기 리더십캠프,1,1,1,1,1,6,뷰티학과,18,1,2
One-day 입사사류,1,1,1,1,1,1,사회교육과,22,4,2
One-day 입사사류,1,1,1,1,1,2,사회교육과,22,4,2
One-day 입사사류,2,1,1,1,1,2,사회교육과,23,4,1
One-day 입사사류,1,1,1,1,1,1,사회교육과,21,4,2
One-day 입사사류,3,2,2,2,2,2,사회교육과,22,4,2
One-day 입사사류,2,2,1,2,1,2,사회교육과,21,4,2
One-day 입사사류,2,2,1,2,2,4,사회교육과,22,4,2
컴퓨터활용능력,1,1,1,1,1,9999,사회복지학과,21,2,1
컴퓨터활용능력,1,2,1,1,2,9999,사회복지학과,23,4,2
컴퓨터활용능력,3,1,1,2,3,9999,사회복지학과,22,3,2
컴퓨터활용능력,2,1,1,1,1,9999,사회복지학과,22,3,2
e-Test,1,2,2,2,2,9999,사회복지학과,43,2,2
e-Test,1,1,1,1,1,9999,사회복지학과,51,4,1
e-Test,2,1,1,2,1,9999,사회복지학과,40,4,2
One-day 입사사류,2,2,2,2,2,1,사회복지학과,22,4,2
One-day 입사사류,1,2,1,1,1,2,사회복지학과,21,4,2
One-day 입사사류,1,1,1,1,1,2,사회복지학과,21,4,2
One-day 입사사류,2,1,1,1,1,3,사회복지학과,21,4,2
One-day 입사사류,2,1,1,1,3,4,사회복지학과,22,4,1
One-day 입사사류,1,1,1,1,1,2,사회복지학과,22,4,2
One-day 입사사류,1,2,2,2,2,1,사회복지학과,22,4,2
One-day 입사사류,2,2,2,2,2,4,사회복지학과,21,4,2
One-day 입사사류,2,2,2,2,2,4,사회복지학과,21,4,2
One-day 입사사류,2,2,2,2,2,4,사회복지학과,22,4,2
One-day 입사사류,1,1,1,1,1,2,사회복지학과,21,4,2
One-day 입사사류,1,1,1,1,1,2,사회복지학과,21,4,2
One-day 입사사류,2,1,2,2,2,1,사회복지학과,22,4,2
One-day 입사사류,1,1,1,1,1,1,사회복지학과,21,4,2
One-day 입사사류,2,2,2,2,2,3,사회복지학과,24,4,1
One-day 입사사류,2,2,1,2,2,1,사회복지학과,26,4,1
One-day 입사사류,1,1,1,1,1,1,사회복지학과,22,4,2
One-day 입사사류,1,2,2,1,1,5,사회복지학과,21,4,2
One-day 입사사류,1,2,1,1,1,4,사회복지학과,24,4,2
One-day 입사사류,1,2,1,1,1,4,사회복지학과,24,4,2
One-day 입사사류,2,2,2,2,3,1,사회복지학과,21,4,2
One-day 입사사류,1,1,2,1,2,4,사회복지학과,24,4,1
One-day 입사사류,1,1,1,1,1,4,사회복지학과,23,4,1
One-day 입사사류,1,1,1,1,1,4,사회복지학과,23,4,1
One-day 입사사류,1,1,1,1,1,4,사회복지학과,23,4,1
One-day 입사사류,1,1,2,1,2,4,사회복지학과,22,4,2
One-day 입사사류,1,1,1,1,1,1,사회복지학과,23,4,1
One-day 입사사류,2,2,1,1,1,2,사회복지학과,23,4,1
One-day 입사사류,1,1,1,1,1,1,사회복지학과,24,4,1
One-day 입사사류,1,1,1,1,2,3,사회복지학과,22,4,2
One-day 입사사류,1,1,1,1,1,4,사회복지학과,23,4,1
One-day 입사사류,1,1,1,2,2,1,사회복지학과,24,4,1
One-day 입사사류,2,2,2,2,2,6,사회복지학과,24,4,1
커리어로드맵,1,1,1,1,1,4,사회복지학과,23,3,1
커리어로드맵,2,2,2,2,2,6,사회복지학과,23,3,1
커리어로드맵,2,2,2,2,1,5,사회복지학과,24,3,1
커리어로드맵,1,2,2,1,2,2,사회복지학과,20,3,2
커리어로드맵,1,2,1,2,2,1,사회복지학과,20,3,2
커리어로드맵,1,2,2,2,2,3,사회복지학과,21,2,1
커리어로드맵,1,2,1,2,2,5,사회복지학과,22,2,1
커리어로드맵,2,2,2,2,2,6,사회복지학과,23,3,1
커리어로드맵,2,2,1,1,2,6,사회복지학과,22,3,1
커리어로드맵,2,2,2,2,2,4,사회복지학과,18,1,2
커리어로드맵,1,1,1,1,1,4,사회복지학과,20,3,2
커리어로드맵,3,2,2,2,3,6,사회복지학과,20,2,2
커리어로드맵,1,1,1,1,1,8,사회복지학과,20,3,2
커리어로드맵,2,2,1,2,2,4,사회복지학과,20,3,2
커리어로드맵,1,1,1,1,1,2,사회복지학과,21,3,2
커리어로드맵,3,3,2,4,3,9,사회복지학과,21,3,2
커리어로드맵,3,3,3,3,3,6,사회복지학과,22,2,1
커리어로드맵,3,3,3,3,3,2,사회복지학과,20,3,1
커리어로드맵,2,2,2,2,2,5,사회복지학과,19,2,1
커리어로드맵,1,1,1,1,1,4,사회복지학과,21,3,2
커리어로드맵,1,1,1,1,2,4,사회복지학과,21,3,2
커리어로드맵,1,1,1,1,1,3,사회복지학과,21,3,1
커리어로드맵,2,2,2,3,3,4,사회복지학과,20,3,2
커리어로드맵,1,2,1,1,1,1,사회복지학과,21,2,2
커리어로드맵,2,2,1,2,2,4,사회복지학과,28,3,1
커리어로드맵,2,2,2,2,2,2,사회복지학과,22,3,1
커리어로드맵,2,2,3,2,2,1,사회복지학과,22,3,2
커리어로드맵,2,2,2,2,2,5,사회복지학과,23,3,1
One-day 입사사류,2,3,2,2,1,2,생물교육과,24,4,1
One-day 입사사류,1,1,1,1,1,1,생물교육과,23,4,1
One-day 입사사류,1,1,1,1,1,2,생물교육과,23,4,1
One-day 입사사류,1,1,1,1,1,7,생물교육과,21,4,2
One-day 입사사류,1,1,1,1,1,2,생물교육과,21,4,2
One-day 입사사류,1,1,1,2,2,6,생물교육과,21,4,2
One-day 입사사류,1,1,1,2,2,2,생물교육과,25,4,1
One-day 입사사류,3,3,3,3,3,1,생물교육과,23,4,1
One-day 입사사류,3,2,2,2,2,2,생물교육과,21,4,2
One-day 입사사류,2,2,1,2,2,2,생물교육과,22,4,2
One-day 입사사류,1,1,1,1,1,2,생물교육과,21,4,2
One-day 입사사류,3,3,3,3,3,3,생물교육과,21,4,2
One-day 입사사류,1,1,1,1,1,2,생물교육과,21,4,1
One-day 입사사류,1,1,1,1,1,2,생물교육과,22,4,1
One-day 입사사류,1,1,1,1,1,1,생물교육과,23,4,1
One-day 입사사류,1,1,1,1,1,1,생물교육과,21,4,2
One-day 입사사류,1,1,1,1,1,6,생물교육과,21,4,2
One-day 입사사류,1,1,1,1,1,1,생물교육과,22,4,1
One-day 입사사류,2,2,1,1,1,1,생물교육과,23,4,1
One-day 입사사류,1,1,1,1,1,1,생물교육과,21,4,2
One-day 입사사류,2,2,1,1,1,1,생물교육과,26,4,1
One-day 입사사류,1,1,1,1,1,1,생물교육과,23,4,1
One-day 입사사류,1,1,1,1,1,1,생물교육과,23,4,1
충북우수중소기업바로알기특강,2,1,2,1,2,6,식품공학,19,2,1
충북우수중소기업바로알기특강,2,1,3,1,2,2,식품공학,19,2,1
충북우수중소기업바로알기특강,2,2,1,1,2,2,식품공학,19,2,1
충북우수중소기업바로알기특강,2,2,1,1,2,2,식품공학,19,2,1
충북우수중소기업바로알기특강,1,1,1,1,1,2,식품공학,19,2,1
충북우수중소기업바로알기특강,1,1,1,1,1,2,식품공학,19,2,2
충북우수중소기업바로알기특강,2,2,2,3,2,6,식품공학,19,2,2
충북우수중소기업바로알기특강,1,1,1,1,2,2,식품공학,21,3,1
충북우수중소기업바로알기특강,1,1,1,1,1,6,식품공학,21,3,1
충북우수중소기업바로알기특강,3,3,2,2,3,6,식품공학,21,3,1
충북우수중소기업바로알기특강,1,1,1,1,2,1,식품공학,21,3,2
충북우수중소기업바로알기특강,2,2,2,2,2,5,식품공학,24,4,1
충북우수중소기업바로알기특강,3,2,2,2,2,1,식품공학,24,4,1
컴퓨터활용능력,1,2,2,1,1,9999,식품공학과,21,2,2
컴퓨터활용능력,1,1,1,1,1,9999,식품공학과,21,2,2
컴퓨터활용능력,2,2,1,1,1,9999,식품공학과,21,2,2
One-day 입사사류,1,1,1,1,1,4,식품공학과,23,4,1
One-day 입사사류,1,1,1,1,1,6,식품공학과,21,4,2
One-day 입사사류,1,1,1,1,1,2,식품공학과,22,4,2
One-day 입사사류,1,1,1,1,1,2,식품공학과,24,4,1
One-day 입사사류,1,1,1,1,1,1,식품공학과,23,4,2
One-day 입사사류,1,1,1,1,1,2,식품공학과,22,4,2
One-day 입사사류,1,1,1,1,1,2,식품공학과,24,4,1
One-day 입사사류,1,1,1,1,1,1,식품공학과,23,4,1
One-day 입사사류,2,1,2,2,1,2,식품공학과,24,4,2
One-day 입사사류,2,1,1,2,2,3,식품공학과,23,4,1
One-day 입사사류,1,1,1,1,1,2,식품공학과,23,4,1
One-day 입사사류,1,1,1,1,1,2,식품공학과,24,4,1
One-day 입사사류,1,1,1,1,1,1,식품공학과,23,4,1
One-day 입사사류,2,1,1,1,1,2,식품공학과,23,4,1
충북우수중소기업바로알기특강,2,2,1,1,1,2,식품공학과,21,2,1
충북우수중소기업바로알기특강,2,2,1,1,1,6,식품공학과,22,2,1
충북우수중소기업바로알기특강,2,2,1,1,1,2,식품공학과,19,2,2
충북우수중소기업바로알기특강,2,2,1,1,1,2,식품공학과,19,2,2
충북우수중소기업바로알기특강,1,1,1,1,1,1,식품공학과,19,2,2
충북우수중소기업바로알기특강,1,1,1,1,2,2,식품공학과,19,2,2
충북우수중소기업바로알기특강,2,2,2,1,2,2,식품공학과,24,3,1
충북우수중소기업바로알기특강,1,1,1,1,1,6,식품공학과,21,3,2
중견기업 히든챔피언바로알기,2,2,2,2,2,4,식품공학과,19,1,2
중견기업 히든챔피언바로알기,2,2,2,2,2,4,식품공학전공,23,4,1
중견기업 히든챔피언바로알기,2,2,2,2,2,4,식품공학전공,23,4,1
중견기업 히든챔피언바로알기,2,2,2,2,2,4,식품공학전공,22,3,2
중견기업 히든챔피언바로알기,2,2,2,2,2,4,식품공학전공,22,3,2
중견기업 히든챔피언바로알기,2,2,2,2,2,4,식품공학전공,22,3,2
중견기업 히든챔피언바로알기,2,2,2,2,2,4,식품공학전공,23,4,2
One-day 입사사류,2,2,1,2,2,4,식품영양학과,21,4,2
One-day 입사사류,1,1,1,1,1,2,식품영양학과,21,4,2
One-day 입사사류,2,1,1,1,1,2,식품영양학과,21,4,2
One-day 입사사류,1,1,2,1,2,1,식품영양학과,21,4,2
One-day 입사사류,1,1,1,1,1,1,식품영양학과,9999,4,2
One-day 입사사류,2,2,3,3,2,2,식품영양학과,21,4,2
One-day 입사사류,2,2,2,2,2,4,식품영양학과,21,4,2
One-day 입사사류,2,2,2,3,3,1,식품영양학과,23,4,2
One-day 입사사류,1,1,1,1,1,2,식품영양학과,23,4,2
One-day 입사사류,1,1,1,1,1,2,식품영양학과,22,4,2
One-day 입사사류,2,1,1,1,2,1,식품영양학과,23,4,2
One-day 입사사류,3,2,3,3,2,1,식품영양학과,23,4,2
One-day 입사사류,2,1,1,1,1,6,식품영양학과,24,4,1
One-day 입사사류,2,1,1,1,1,2,식품영양학과,21,4,2
One-day 입사사류,2,2,2,2,2,4,식품영양학과,21,4,2
One-day 입사사류,1,2,2,1,1,1,식품영양학과,23,4,1
One-day 입사사류,2,2,2,1,1,4,식품영양학과,23,4,2
One-day 입사사류,1,1,1,1,1,1,식품영양학과,23,4,2
One-day 입사사류,1,1,1,1,1,2,식품영양학과,21,4,2
One-day 입사사류,2,1,1,1,2,2,식품영양학과,21,4,2
One-day 입사사류,2,2,3,2,3,5,식품영양학과,21,4,2
One-day 입사사류,3,3,3,3,3,2,식품영양학과,21,4,2
One-day 입사사류,3,3,3,3,3,6,식품영양학과,23,4,1
One-day 입사사류,2,1,1,1,2,3,식품영양학과,21,4,2
One-day 입사사류,2,2,1,1,2,1,식품영양학과,22,4,2
One-day 입사사류,2,1,1,1,1,2,식품영양학과,23,4,1
One-day 입사사류,1,1,1,1,1,2,식품영양학과,23,4,2
One-day 입사사류,2,2,1,2,2,4,식품영양학과,23,4,1
중견기업 히든챔피언바로알기,2,2,2,1,2,1,식품영양학과,18,1,1
중견기업 히든챔피언바로알기,2,1,1,2,1,6,식품영양학과,18,1,1
중견기업 히든챔피언바로알기,2,2,2,1,1,3,식품영양학과,18,1,1
중견기업 히든챔피언바로알기,2,1,2,2,1,4,식품영양학과,18,1,1
중견기업 히든챔피언바로알기,3,3,2,2,2,2,식품영양학과,18,1,1
중견기업 히든챔피언바로알기,2,1,2,1,1,1,식품영양학과,19,1,1
중견기업 히든챔피언바로알기,3,3,3,3,3,5,식품영양학과,19,1,1
중견기업 히든챔피언바로알기,2,2,2,2,2,2,식품영양학과,19,1,2
중견기업 히든챔피언바로알기,2,2,2,2,2,1,식품영양학과,20,3,2
중견기업 히든챔피언바로알기,3,3,3,3,3,6,식품영양학과,18,1,2
중견기업 히든챔피언바로알기,1,1,1,1,1,3,식품영양학과,18,1,2
중견기업 히든챔피언바로알기,2,2,2,3,2,2,식품영양학과,18,1,2
중견기업 히든챔피언바로알기,1,1,1,1,1,1,식품영양학과,18,1,2
중견기업 히든챔피언바로알기,1,1,1,1,1,6,식품영양학과,18,1,2
중견기업 히든챔피언바로알기,1,2,1,3,2,2,식품영양학과,19,1,2
중견기업 히든챔피언바로알기,2,3,3,3,2,2,식품영양학과,18,1,2
중견기업 히든챔피언바로알기,2,3,2,3,3,2,식품영양학과,18,1,2
중견기업 히든챔피언바로알기,2,3,3,2,2,7,식품영양학과,19,1,2
중견기업 히든챔피언바로알기,2,3,3,3,3,4,식품영양학과,19,1,2
중견기업 히든챔피언바로알기,2,2,2,2,2,2,식품영양학과,18,1,2
중견기업 히든챔피언바로알기,2,2,1,2,2,4,식품영양학과,18,1,2
중견기업 히든챔피언바로알기,1,2,2,2,1,2,식품영양학과,18,1,2
중견기업 히든챔피언바로알기,1,2,2,2,2,2,식품영양학과,20,1,2
중견기업 히든챔피언바로알기,2,2,2,2,2,4,식품영양학과,20,1,2
중견기업 히든챔피언바로알기,2,2,2,2,2,4,식품영양학과,19,1,2
중견기업 히든챔피언바로알기,1,1,1,1,1,4,식품영양학과,18,1,2
중견기업 히든챔피언바로알기,2,2,2,2,2,1,식품영양학과,18,1,2
중견기업 히든챔피언바로알기,2,2,1,2,2,1,식품영양학과,19,1,2
중견기업 히든챔피언바로알기,2,2,2,1,2,5,식품영양학과,18,1,2
중견기업 히든챔피언바로알기,3,2,2,2,2,5,식품영양학과,18,1,2
중견기업 히든챔피언바로알기,2,2,1,2,1,6,식품영양학과,19,1,2
중견기업 히든챔피언바로알기,2,2,1,2,1,6,식품영양학과,19,1,2
중견기업 히든챔피언바로알기,1,1,1,1,1,2,식품영양학과,18,1,2
중견기업 히든챔피언바로알기,1,1,1,1,1,1,식품영양학과,19,1,2
중견기업 히든챔피언바로알기,2,2,2,2,2,2,식품영양학과,19,1,2
중견기업 히든챔피언바로알기,3,3,3,3,3,2,식품영양학과,19,1,2
중견기업 히든챔피언바로알기,3,3,2,3,2,2,식품영양학과,18,1,2
중견기업 히든챔피언바로알기,3,2,2,2,2,2,식품영양학과,19,1,2
중견기업 히든챔피언바로알기,2,2,2,2,2,7,식품영양학과,19,1,2
중견기업 히든챔피언바로알기,2,2,2,2,1,2,식품영양학과,19,1,2
중견기업 히든챔피언바로알기,2,2,3,3,2,2,식품영양학과,19,1,2
중견기업 히든챔피언바로알기,1,1,1,1,1,1,식품영양학과,18,1,2
중견기업 히든챔피언바로알기,1,1,1,1,1,7,식품영양학과,19,1,2
중견기업 히든챔피언바로알기,2,1,1,1,1,5,식품영양학과,18,1,2
중견기업 히든챔피언바로알기,1,2,2,2,2,4,식품영양학과,18,1,2
중견기업 히든챔피언바로알기,2,2,2,2,1,1,식품영양학과,19,1,2
중견기업 히든챔피언바로알기,1,2,2,2,2,4,식품영양학과,19,1,2
중견기업 히든챔피언바로알기,1,2,2,2,2,1,식품영양학과,18,1,2
중견기업 히든챔피언바로알기,1,1,1,1,1,4,식품영양학과,19,1,2
중견기업 히든챔피언바로알기,3,2,2,2,3,2,식품영양학과,19,1,2
중견기업 히든챔피언바로알기,3,3,3,2,2,2,식품영양학과,19,1,2
중견기업 히든챔피언바로알기,2,2,2,1,1,1,식품영양학과,19,1,2
중견기업 히든챔피언바로알기,2,2,2,1,1,1,식품영양학과,19,1,2
중견기업 히든챔피언바로알기,2,2,2,1,1,1,식품영양학과,19,1,2
One-day 입사사류,3,2,2,2,2,2,역사교육과,21,4,2
One-day 입사사류,1,1,1,1,1,9,역사교육과,24,4,1
One-day 입사사류,2,2,1,2,3,4,역사교육과,23,4,1
One-day 입사사류,2,2,2,2,2,2,역사교육과,23,4,1
One-day 입사사류,2,1,1,1,1,1,역사교육과,22,4,2
One-day 입사사류,2,2,1,2,2,3,역사교육과,22,4,2
One-day 입사사류,2,2,1,2,1,2,역사교육과,23,4,1
One-day 입사사류,3,3,2,3,3,2,역사교육과,23,4,1
One-day 입사사류,3,4,2,5,4,8,역사교육과,25,4,1
One-day 입사사류,3,4,1,4,2,9,역사교육과,24,4,1
One-day 입사사류,1,2,1,2,2,6,역사교육과,23,4,1
One-day 입사사류,2,3,1,2,2,9,역사교육과,23,4,2
One-day 입사사류,2,3,3,2,3,7,역사교육과,22,4,2
One-day 입사사류,1,1,1,1,1,9,역사교육과,24,4,1
One-day 입사사류,2,2,2,2,2,1,역사교육과,21,4,2
인문계열취업가이드,2,2,2,2,2,8,영어과,21,3,1
One-day 입사사류,1,1,1,1,1,1,영어교육과,23,4,1
One-day 입사사류,1,1,1,1,1,2,영어교육과,23,4,1
One-day 입사사류,1,1,1,1,1,2,영어교육과,24,4,1
One-day 입사사류,1,1,1,2,1,2,영어교육과,23,4,2
One-day 입사사류,1,1,1,1,1,1,영어교육과,22,4,2
One-day 입사사류,1,1,1,1,1,1,영어교육과,23,4,1
One-day 입사사류,1,2,1,1,1,3,영어교육과,24,4,2
One-day 입사사류,2,2,2,2,2,3,영어교육과,23,4,1
One-day 입사사류,1,1,1,1,1,6,영어교육과,24,4,1
중견기업 히든챔피언바로알기,2,2,1,3,2,6,유아교육과,18,1,2
중견기업 히든챔피언바로알기,2,2,1,3,2,6,유아교육과,18,1,2
중견기업 히든챔피언바로알기,2,2,1,3,2,6,유아교육과,18,1,2
공모전을 취업에 활용하기,1,1,1,1,1,6,유아교육과,20,2,2
공모전을 취업에 활용하기,1,1,1,1,1,5,유아교육과,20,2,2
공모전을 취업에 활용하기,1,1,1,2,2,7,유아교육과,19,1,2
여대생 취업 DNA를 깨워라,2,2,2,2,2,3,유아교육과,19,2,2
여대생 취업 DNA를 깨워라,1,1,1,1,1,2,유아교육과,20,2,2
여대생 취업 DNA를 깨워라,1,2,2,2,2,1,유아교육과,20,2,2
여대생 취업 DNA를 깨워라,2,2,1,2,2,3,유아교육과,19,2,2
여대생 취업 DNA를 깨워라,2,2,1,2,2,2,유아교육과,20,2,2
여대생 취업 DNA를 깨워라,2,2,2,2,2,9,유아교육과,19,2,2
여대생 취업 DNA를 깨워라,3,2,2,3,3,3,유아교육과,19,2,2
여대생 취업 DNA를 깨워라,3,3,3,2,2,3,유아교육과,19,2,2
여대생 취업 DNA를 깨워라,2,2,2,2,2,1,유아교육과,20,2,2
여대생 취업 DNA를 깨워라,2,2,2,2,2,1,유아교육과,20,2,2
여대생 취업 DNA를 깨워라,2,2,2,2,2,7,유아교육과,19,2,2
여대생 취업 DNA를 깨워라,1,2,2,2,2,6,유아교육과,19,2,2
여대생 취업 DNA를 깨워라,1,2,2,2,2,2,유아교육과,19,2,2
여대생 취업 DNA를 깨워라,2,2,2,2,2,2,유아교육과,20,2,2
여대생 취업 DNA를 깨워라,3,2,1,2,3,3,유아교육과,20,3,2
여대생 취업 DNA를 깨워라,3,2,1,2,2,4,유아교육과,21,3,2
여대생 취업 DNA를 깨워라,2,2,2,2,2,3,유아교육과,20,3,2
여대생 취업 DNA를 깨워라,2,2,2,2,2,3,유아교육과,20,3,2
여대생 취업 DNA를 깨워라,2,2,1,2,2,4,유아교육과,20,3,2
여대생 취업 DNA를 깨워라,1,1,1,1,1,7,유아교육과,21,3,2
여대생 취업 DNA를 깨워라,1,1,1,1,1,7,유아교육과,21,3,2
여대생 취업 DNA를 깨워라,2,2,2,2,2,2,유아교육과,20,3,2
여대생 취업 DNA를 깨워라,2,2,2,3,3,2,유아교육과,21,3,2
여대생 취업 DNA를 깨워라,1,1,1,1,3,7,유아교육과,21,3,2
여대생 취업 DNA를 깨워라,1,1,1,1,1,6,유아교육과,19,2,2
여대생 취업 DNA를 깨워라,2,2,2,2,2,6,유아교육과,20,1,2
여대생 취업 DNA를 깨워라,1,1,1,1,1,2,유아교육과,20,2,2
여대생 취업 DNA를 깨워라,1,1,1,1,1,2,유아교육과,19,2,2
여대생 취업 DNA를 깨워라,3,3,3,3,3,7,유아교육과,21,3,2
여대생 취업 DNA를 깨워라,1,1,1,1,1,1,유아교육과,21,3,2
One-day 입사사류,1,1,1,1,1,3,유통경영정보,25,4,1
One-day 입사사류,1,2,1,2,1,2,융합디자인학과,24,4,1
One-day 입사사류,1,1,1,1,1,5,융합디자인학과,22,4,2
One-day 입사사류,1,1,1,1,1,1,융합디자인학과,21,4,2
One-day 입사사류,2,1,1,1,1,1,융합디자인학과,21,4,2
One-day 입사사류,2,2,2,2,2,5,융합디자인학과,22,4,2
One-day 입사사류,1,1,1,1,1,1,융합디자인학과,21,4,2
One-day 입사사류,1,2,2,1,1,1,융합디자인학과,23,4,1
One-day 입사사류,2,2,1,1,2,1,융합디자인학과,24,4,1
One-day 입사사류,1,1,1,1,1,1,융합디자인학과,24,4,1
One-day 입사사류,1,2,1,1,2,2,융합디자인학과,23,4,1
One-day 입사사류,1,1,1,1,1,1,융합디자인학과,23,4,2
One-day 입사사류,1,1,1,1,1,1,융합디자인학과,23,4,2
One-day 입사사류,1,1,1,1,1,2,융합디자인학과,23,4,1
One-day 입사사류,2,1,1,1,1,1,융합디자인학과,23,4,1
충북우수중소기업바로알기특강,3,3,3,3,3,6,융합디자인학과,21,2,1
충북우수중소기업바로알기특강,2,1,3,2,1,2,융합디자인학과,20,2,1
충북우수중소기업바로알기특강,3,1,1,2,1,1,융합디자인학과,20,2,1
충북우수중소기업바로알기특강,1,1,1,1,1,1,융합디자인학과,20,2,1
충북우수중소기업바로알기특강,3,1,1,3,2,6,융합디자인학과,19,2,1
충북우수중소기업바로알기특강,1,1,1,1,2,1,융합디자인학과,20,2,1
충북우수중소기업바로알기특강,2,1,1,3,2,1,융합디자인학과,19,2,2
충북우수중소기업바로알기특강,2,1,1,1,2,2,융합디자인학과,21,2,2
충북우수중소기업바로알기특강,3,4,2,4,2,3,융합디자인학과,19,2,2
충북우수중소기업바로알기특강,3,3,2,2,2,7,융합디자인학과,20,2,2
충북우수중소기업바로알기특강,1,2,1,2,1,2,융합디자인학과,19,2,2
충북우수중소기업바로알기특강,2,1,1,2,1,6,융합디자인학과,23,3,1
충북우수중소기업바로알기특강,3,3,3,2,2,5,융합디자인학과,23,3,1
충북우수중소기업바로알기특강,1,1,1,1,1,5,융합디자인학과,22,3,1
충북우수중소기업바로알기특강,2,2,1,1,1,5,융합디자인학과,22,3,1
충북우수중소기업바로알기특강,3,3,3,2,2,5,융합디자인학과,22,3,1
충북우수중소기업바로알기특강,1,1,1,1,1,6,융합디자인학과,22,3,1
충북우수중소기업바로알기특강,2,1,1,1,1,6,융합디자인학과,22,3,2
충북우수중소기업바로알기특강,1,1,1,1,1,5,융합디자인학과,21,3,2
충북우수중소기업바로알기특강,1,1,1,1,1,5,융합디자인학과,21,3,2
e-Test,1,2,2,2,2,9999,융합보안학과,24,3,1
데일카네기 리더십캠프,1,1,1,1,1,6,융합보안학과,19,2,1
데일카네기 리더십캠프,1,1,1,1,1,1,융합보안학과,24,4,1
데일카네기 리더십캠프,1,1,1,1,1,1,융합보안학과,21,3,2
데일카네기 리더십캠프,1,1,1,1,1,2,융합보안학과,20,1,1
데일카네기 리더십캠프,2,2,1,1,2,2,융합보안학과,20,2,1
데일카네기 리더십캠프,1,2,1,2,1,1,융합보안학과,20,2,1
데일카네기 리더십캠프,2,1,2,1,1,1,융합보안학과,19,1,1
데일카네기 리더십캠프,1,1,1,1,1,4,융합보안학과,21,3,2
데일카네기 리더십캠프,1,1,1,2,1,5,융합보안학과,20,2,1
데일카네기 리더십캠프,2,2,2,2,3,2,융합보안학과,20,2,1
데일카네기 리더십캠프,2,2,2,3,3,9999,융합보안학과,19,1,2
데일카네기 리더십캠프,1,1,1,1,1,5,융합보안학과,19,2,1
e-Test,1,1,1,3,2,9999,임상건강운동학과,24,3,1
e-Test,1,1,1,1,1,9999,임상건강운동학과,27,4,2
One-day 입사사류,1,1,1,1,1,1,임상건강운동학과,23,4,1
One-day 입사사류,2,1,1,2,2,1,임상건강운동학과,27,4,1
One-day 입사사류,3,2,2,2,2,1,임상건강운동학과,22,4,2
One-day 입사사류,1,1,1,1,1,2,임상건강운동학과,25,4,1
One-day 입사사류,1,1,1,1,1,1,임상건강운동학과,23,4,1
One-day 입사사류,2,2,2,2,2,1,임상건강운동학과,24,4,1
One-day 입사사류,1,1,1,1,1,6,임상건강운동학과,21,4,1
One-day 입사사류,2,2,1,1,2,2,임상건강운동학과,23,4,1
One-day 입사사류,2,2,1,2,2,6,임상건강운동학과,24,4,1
One-day 입사사류,1,1,1,1,1,1,임상건강운동학과,23,4,1
One-day 입사사류,1,1,1,1,1,2,임상건강운동학과,23,4,1
One-day 입사사류,1,1,1,1,1,2,임상건강운동학과,23,4,1
One-day 입사사류,1,2,1,1,1,2,임상건강운동학과,23,4,1
취업성공을 위한 알짜정보탐색특강,1,1,1,1,1,1,임상건강운동학과,20,2,2
취업성공을 위한 알짜정보탐색특강,1,1,1,2,2,1,임상건강운동학과,24,2,1
취업성공을 위한 알짜정보탐색특강,1,2,1,2,2,2,임상건강운동학과,25,3,1
취업성공을 위한 알짜정보탐색특강,2,2,1,2,2,2,임상건강운동학과,20,2,2
취업성공을 위한 알짜정보탐색특강,2,1,1,1,2,4,임상건강운동학과,19,2,1
취업성공을 위한 알짜정보탐색특강,2,2,1,2,2,1,임상건강운동학과,21,2,1
취업성공을 위한 알짜정보탐색특강,1,1,1,1,1,4,임상건강운동학과,19,2,1
컴퓨터활용능력,1,1,2,1,1,9999,정보통신공학과,25,4,1
One-day 입사사류,1,1,1,1,2,6,정보통신공학과,22,4,1
One-day 입사사류,1,1,1,1,1,4,정보통신공학과,23,4,1
One-day 입사사류,1,1,1,1,1,4,정보통신공학과,24,4,1
One-day 입사사류,1,1,1,1,1,1,정보통신공학과,24,4,1
One-day 입사사류,1,1,1,1,1,1,정보통신공학과,23,4,1
One-day 입사사류,1,1,1,1,1,1,정보통신공학과,23,4,1
One-day 입사사류,1,1,1,1,1,1,정보통신공학과,23,4,1
One-day 입사사류,1,1,1,1,1,1,정보통신공학과,23,4,1
One-day 입사사류,2,2,2,2,2,3,정보통신공학과,23,4,1
One-day 입사사류,1,1,1,1,1,1,정보통신공학과,24,4,1
One-day 입사사류,1,1,1,2,1,2,정보통신공학과,24,4,1
One-day 입사사류,1,1,1,1,1,1,정보통신공학과,23,4,1
One-day 입사사류,2,2,2,2,2,1,정보통신공학과,23,4,1
One-day 입사사류,1,1,1,1,1,1,정보통신공학과,24,4,1
데일카네기 리더십캠프,2,2,1,3,2,1,정보통신공학과,23,2,1
데일카네기 리더십캠프,2,2,1,2,2,2,정보통신공학과,21,2,1
데일카네기 리더십캠프,1,1,1,1,1,2,정보통신공학과,21,2,1
데일카네기 리더십캠프,2,2,1,2,1,1,정보통신공학과,20,2,1
데일카네기 리더십캠프,1,2,1,2,2,1,정보통신공학과,19,2,1
데일카네기 리더십캠프,2,2,1,2,2,3,정보통신공학과,19,2,2
데일카네기 리더십캠프,2,2,1,3,2,2,정보통신공학과,19,2,1
컴퓨터활용능력,1,1,1,1,1,9999,제약공학과,25,4,1
컴퓨터활용능력,1,1,1,1,1,9999,제약공학과,25,4,1
e-Test,2,2,1,1,1,9999,제약공학과,25,4,2
e-Test,2,2,2,2,2,9999,제약공학과,25,2,1
e-Test,1,1,1,1,1,9999,제약공학과,25,4,2
e-Test,1,1,1,1,1,9999,제약공학과,25,4,1
e-Test,1,1,1,1,1,9999,제약공학과,25,4,1
e-Test,2,2,2,2,2,9999,제약공학과,25,4,1
e-Test,1,2,2,1,1,9999,제약공학과,25,4,1
모의경영을 퉁한 직무설정,1,1,1,1,1,2,제약공학과,20,3,2
모의경영을 퉁한 직무설정,1,1,1,1,1,1,제약공학과,21,3,2
모의경영을 퉁한 직무설정,1,2,1,3,1,2,제약공학과,20,3,2
모의경영을 퉁한 직무설정,2,2,2,2,2,4,제약공학과,20,3,2
커리어로드맵,3,2,3,2,3,7,제약식품공학부,19,1,1
커리어로드맵,1,2,2,2,2,3,제약식품공학부,19,1,1
커리어로드맵,1,1,1,1,1,2,제약식품공학부,18,1,2
커리어로드맵,2,3,3,3,3,1,제약식품공학부,18,1,2
커리어로드맵,1,1,1,1,1,2,제약식품공학부,19,1,1
커리어로드맵,1,1,1,1,1,1,제약식품공학부,18,1,2
커리어로드맵,1,1,1,1,1,6,제약식품공학부,18,1,2
커리어로드맵,1,1,1,1,1,6,제약식품공학부,22,1,1
커리어로드맵,2,2,2,2,2,6,제약식품공학부,19,1,2
커리어로드맵,2,2,1,2,2,4,제약식품공학부,18,1,1
커리어로드맵,2,2,2,2,2,1,제약식품공학부,20,1,2
커리어로드맵,3,2,1,2,2,2,제약식품공학부,19,1,2
커리어로드맵,1,1,1,1,1,2,제약식품공학부,20,1,2
커리어로드맵,1,1,1,1,1,2,제약식품공학부,18,1,1
커리어로드맵,1,1,1,1,1,2,제약식품공학부,18,1,2
커리어로드맵,1,1,1,1,1,4,제약식품공학부,18,1,2
커리어로드맵,1,1,3,1,1,2,제약식품공학부,20,1,2
커리어로드맵,1,1,1,1,1,5,제약식품공학부,19,1,2
커리어로드맵,2,2,2,2,2,4,제약식품공학부,20,1,2
커리어로드맵,2,2,2,2,2,2,제약식품공학부,19,1,2
커리어로드맵,1,1,1,1,1,2,제약식품공학부,19,1,2
커리어로드맵,1,1,1,1,1,6,제약식품공학부,19,1,2
커리어로드맵,2,1,2,2,2,4,제약식품공학부,19,1,2
커리어로드맵,2,2,2,2,2,1,제약식품공학부,19,1,2
커리어로드맵,2,1,1,1,1,6,제약식품공학부,19,1,1
커리어로드맵,2,1,1,2,1,4,제약식품공학부,19,1,1
커리어로드맵,2,2,2,2,2,1,제약식품공학부,19,1,2
커리어로드맵,2,2,2,2,2,4,제약식품공학부,18,1,2
커리어로드맵,1,1,1,1,1,2,제약식품공학부,18,1,2
커리어로드맵,1,1,1,1,1,6,제약식품공학부,19,1,1
커리어로드맵,1,1,1,1,1,6,제약식품공학부,18,1,2
커리어로드맵,1,1,1,1,1,2,제약식품공학부,19,1,2
커리어로드맵,2,2,2,2,2,3,제약식품공학부,18,1,2
커리어로드맵,2,2,2,2,2,2,제약식품공학부,18,1,2
커리어로드맵,2,2,2,2,2,6,제약식품공학부,18,1,1
커리어로드맵,1,1,1,1,1,8,제약식품공학부,20,1,1
커리어로드맵,2,2,2,2,2,3,제약식품공학부,20,1,1
커리어로드맵,2,2,1,2,2,2,제약식품공학부,18,1,1
커리어로드맵,1,1,1,2,1,1,제약식품공학부,18,1,2
커리어로드맵,2,1,2,2,1,1,제약식품공학부,19,1,2
커리어로드맵,1,1,1,2,1,2,제약식품공학부,18,1,2
커리어로드맵,1,1,1,2,2,4,제약식품공학부,19,1,2
커리어로드맵,2,2,2,3,1,6,제약식품공학부,18,1,2
커리어로드맵,2,2,2,2,2,5,제약식품공학부,18,1,2
커리어로드맵,2,2,2,2,2,4,제약식품공학부,19,1,2
커리어로드맵,2,2,1,1,1,4,제약식품공학부,18,1,2
커리어로드맵,3,2,2,2,2,5,제약식품공학부,18,1,2
커리어로드맵,2,2,1,2,2,1,제약식품공학부,19,1,1
커리어로드맵,1,1,1,1,1,4,제약식품공학부,18,1,2
커리어로드맵,2,2,2,2,2,2,제약식품공학부,18,1,2
커리어로드맵,1,1,1,1,1,6,제약식품공학부,19,1,1
커리어로드맵,1,2,2,2,2,2,제약식품공학부,19,1,2
커리어로드맵,1,2,1,1,1,3,제약식품공학부,18,1,1
커리어로드맵,1,1,1,2,1,3,제약식품공학부,19,1,1
커리어로드맵,2,2,1,2,2,2,제약식품공학부,18,1,2
커리어로드맵,1,1,1,1,1,2,제약식품공학부,19,1,1
커리어로드맵,2,2,2,2,2,2,제약식품공학부,19,1,1
커리어로드맵,1,1,1,1,1,6,제약식품공학부,22,1,1
커리어로드맵,1,1,1,1,1,1,제약식품공학부,19,1,1
커리어로드맵,2,2,2,2,2,2,제약식품공학부,19,1,2
커리어로드맵,2,2,2,1,1,2,제약식품공학부,18,1,2
커리어로드맵,3,3,2,3,2,2,제약식품공학부,18,1,2
커리어로드맵,2,1,1,1,1,1,제약식품공학부,20,1,1
커리어로드맵,1,1,2,1,1,2,제약식품공학부,19,1,1
커리어로드맵,2,2,2,3,2,1,제약식품공학부,18,1,2
커리어로드맵,3,3,3,3,3,1,제약식품공학부,18,1,1
커리어로드맵,3,2,3,2,3,3,제약식품공학부,18,1,1
커리어로드맵,2,2,2,2,2,2,제약식품공학부,18,1,1
커리어로드맵,2,2,1,2,2,6,제약식품공학부,19,1,1
커리어로드맵,1,1,1,1,1,6,제약식품공학부,18,1,1
커리어로드맵,2,1,1,3,1,1,제약식품공학부,18,1,2
커리어로드맵,2,2,2,2,2,1,제약식품공학부,18,1,2
커리어로드맵,1,1,1,1,1,2,제약식품공학부,18,1,2
커리어로드맵,2,2,1,3,2,5,제약식품공학부,19,1,2
커리어로드맵,3,3,3,4,3,1,제약식품공학부,18,1,2
데일카네기 리더십캠프,2,2,1,2,2,6,중국어과,19,1,2
데일카네기 리더십캠프,1,1,1,1,1,3,중국어과,18,1,2
데일카네기 리더십캠프,1,2,1,2,2,4,중국어과,18,1,1
데일카네기 리더십캠프,1,2,1,3,2,1,중국어과,18,1,2
데일카네기 리더십캠프,2,2,2,2,2,6,중국어과,18,1,2
데일카네기 리더십캠프,2,2,2,2,2,4,중국어과,19,1,2
데일카네기 리더십캠프,3,3,3,3,3,8,중국어과,19,1,2
데일카네기 리더십캠프,1,1,1,1,1,2,중국어과,19,1,2
데일카네기 리더십캠프,1,2,1,2,2,2,중국어과,18,1,1
데일카네기 리더십캠프,2,3,2,3,4,6,중국어과,18,1,1
데일카네기 리더십캠프,1,1,1,1,1,2,중국어과,18,1,1
데일카네기 리더십캠프,1,1,1,1,1,6,중국어과,19,1,2
데일카네기 리더십캠프,1,2,1,1,2,2,중국어과,18,1,2
데일카네기 리더십캠프,1,2,1,1,2,2,중국어과,18,1,2
데일카네기 리더십캠프,1,1,1,1,1,6,중국어과,18,1,2
데일카네기 리더십캠프,1,1,1,1,1,2,중국어과,19,1,2
데일카네기 리더십캠프,1,1,1,1,1,2,중국어과,18,1,2
데일카네기 리더십캠프,1,1,1,3,2,4,중국어과,18,1,2
컴퓨터활용능력,1,3,1,3,1,9999,중국어과,23,2,1
컴퓨터활용능력,3,3,3,3,3,9999,중국어과,23,2,1
e-Test,1,1,1,1,1,9999,지리교육과,25,4,1
e-Test,1,1,1,1,1,9999,지리교육과,23,4,1
e-Test,1,1,1,1,1,9999,컴퓨터공학과,26,4,1
One-day 입사사류,1,1,1,1,1,2,컴퓨터공학과,21,4,2
One-day 입사사류,2,2,1,2,2,2,컴퓨터공학과,22,4,2
One-day 입사사류,1,1,1,1,1,2,컴퓨터공학과,25,4,1
One-day 입사사류,2,1,2,2,1,2,컴퓨터공학과,23,4,1
One-day 입사사류,2,1,1,1,1,2,컴퓨터공학과,23,4,2
One-day 입사사류,1,1,1,1,1,5,컴퓨터공학과,23,4,1
One-day 입사사류,1,1,1,1,1,2,컴퓨터공학과,21,4,2
One-day 입사사류,1,1,1,2,1,4,컴퓨터공학과,26,4,2
One-day 입사사류,2,2,2,2,2,1,컴퓨터공학과,24,4,1
One-day 입사사류,1,1,1,1,1,2,컴퓨터공학과,26,4,1
One-day 입사사류,1,1,1,1,1,4,컴퓨터공학과,23,4,1
One-day 입사사류,1,1,1,1,1,1,컴퓨터공학과,24,4,1
One-day 입사사류,1,1,1,1,1,2,컴퓨터공학과,22,4,2
One-day 입사사류,1,1,1,1,1,1,컴퓨터공학과,24,4,1
One-day 입사사류,1,1,1,1,2,2,컴퓨터공학과,23,4,1
One-day 입사사류,2,2,2,2,2,1,컴퓨터공학과,24,4,1
One-day 입사사류,2,2,2,2,2,4,컴퓨터공학과,24,4,2
One-day 입사사류,2,2,1,1,2,2,컴퓨터공학과,24,4,1
One-day 입사사류,2,2,2,1,2,2,컴퓨터공학과,23,4,1
One-day 입사사류,1,1,1,1,1,5,컴퓨터공학과,23,4,1
One-day 입사사류,2,2,2,2,2,2,컴퓨터공학과,23,4,1
One-day 입사사류,2,2,1,2,3,4,컴퓨터공학과,25,4,1
충북우수중소기업바로알기특강,2,1,1,2,2,1,컴퓨터공학과,25,3,1
충북우수중소기업바로알기특강,2,1,1,1,2,9,컴퓨터공학과,22,3,1
충북우수중소기업바로알기특강,1,1,1,1,1,6,컴퓨터공학과,22,3,1
충북우수중소기업바로알기특강,2,1,1,1,2,2,컴퓨터공학과,22,3,1
충북우수중소기업바로알기특강,1,1,1,1,1,4,컴퓨터공학과,24,3,1
충북우수중소기업바로알기특강,2,1,2,2,2,9,컴퓨터공학과,24,3,1
충북우수중소기업바로알기특강,1,1,2,2,1,6,컴퓨터공학과,24,3,1
충북우수중소기업바로알기특강,2,1,2,2,2,2,컴퓨터공학과,24,3,1
충북우수중소기업바로알기특강,1,1,1,1,1,2,컴퓨터공학과,24,3,1
충북우수중소기업바로알기특강,2,2,2,2,2,9,컴퓨터공학과,24,3,1
충북우수중소기업바로알기특강,1,2,2,2,1,6,컴퓨터공학과,24,3,1
충북우수중소기업바로알기특강,2,2,2,2,2,2,컴퓨터공학과,24,3,1
충북우수중소기업바로알기특강,1,1,2,1,1,2,컴퓨터공학과,24,3,1
충북우수중소기업바로알기특강,2,1,2,1,2,9,컴퓨터공학과,24,3,1
충북우수중소기업바로알기특강,1,1,2,1,1,6,컴퓨터공학과,24,3,1
충북우수중소기업바로알기특강,2,1,2,1,2,2,컴퓨터공학과,24,3,1
충북우수중소기업바로알기특강,1,1,2,1,1,4,컴퓨터공학과,24,3,1
충북우수중소기업바로알기특강,2,2,2,1,2,9,컴퓨터공학과,24,3,1
충북우수중소기업바로알기특강,1,2,2,1,1,6,컴퓨터공학과,24,3,1
충북우수중소기업바로알기특강,2,2,2,1,2,2,컴퓨터공학과,24,3,1
충북우수중소기업바로알기특강,1,1,2,1,1,2,컴퓨터공학과,24,3,1
충북우수중소기업바로알기특강,2,2,2,1,2,9,컴퓨터공학과,24,3,1
충북우수중소기업바로알기특강,1,1,2,1,1,6,컴퓨터공학과,24,3,1
충북우수중소기업바로알기특강,2,1,2,1,2,2,컴퓨터공학과,24,3,1
충북우수중소기업바로알기특강,1,1,2,1,1,4,컴퓨터공학과,24,3,1
충북우수중소기업바로알기특강,2,2,2,2,2,6,컴퓨터공학과,24,3,1
충북우수중소기업바로알기특강,1,2,2,2,1,6,컴퓨터공학과,24,3,1
충북우수중소기업바로알기특강,2,2,2,2,2,2,컴퓨터공학과,24,3,1
충북우수중소기업바로알기특강,1,1,2,1,1,4,컴퓨터공학과,24,3,1
충북우수중소기업바로알기특강,2,2,2,1,2,6,컴퓨터공학과,24,3,1
충북우수중소기업바로알기특강,1,2,2,2,1,6,컴퓨터공학과,24,3,1
충북우수중소기업바로알기특강,2,2,2,2,2,2,컴퓨터공학과,24,3,1
충북우수중소기업바로알기특강,1,1,2,1,1,2,컴퓨터공학과,24,3,1
충북우수중소기업바로알기특강,2,2,2,2,2,9,컴퓨터공학과,24,3,1
충북우수중소기업바로알기특강,1,2,2,2,1,6,컴퓨터공학과,24,3,2
충북우수중소기업바로알기특강,2,2,2,2,2,2,컴퓨터공학과,24,3,2
충북우수중소기업바로알기특강,1,1,2,1,1,2,컴퓨터공학과,24,3,2
충북우수중소기업바로알기특강,2,2,2,2,2,9,컴퓨터공학과,24,3,2
충북우수중소기업바로알기특강,1,2,2,2,1,6,컴퓨터공학과,24,3,2
충북우수중소기업바로알기특강,2,2,2,2,2,2,컴퓨터공학과,24,3,2
충북우수중소기업바로알기특강,1,1,2,1,1,2,컴퓨터공학과,24,3,2
취업성공을 위한 알짜정보탐색특강,1,1,1,1,1,1,컴퓨터공학과,22,2,1
취업성공을 위한 알짜정보탐색특강,1,1,1,1,1,1,컴퓨터공학과,19,1,1
취업성공을 위한 알짜정보탐색특강,2,2,2,3,2,6,컴퓨터공학과,21,1,1
취업성공을 위한 알짜정보탐색특강,2,2,2,2,2,5,컴퓨터공학과,18,1,1
취업성공을 위한 알짜정보탐색특강,2,2,2,2,2,5,컴퓨터공학과,18,1,1
취업성공을 위한 알짜정보탐색특강,2,2,1,3,2,5,컴퓨터공학과,19,1,1
취업성공을 위한 알짜정보탐색특강,2,2,2,2,2,5,컴퓨터공학과,18,1,1
취업성공을 위한 알짜정보탐색특강,1,1,1,2,1,1,컴퓨터공학과,18,1,1
취업성공을 위한 알짜정보탐색특강,3,3,3,3,3,2,컴퓨터공학과,18,1,1
취업성공을 위한 알짜정보탐색특강,3,3,2,3,3,3,컴퓨터공학과,18,1,1
취업성공을 위한 알짜정보탐색특강,1,1,1,1,1,1,컴퓨터공학과,19,2,1
취업성공을 위한 알짜정보탐색특강,2,2,2,2,2,1,컴퓨터공학과,20,2,1
취업성공을 위한 알짜정보탐색특강,2,2,1,1,2,4,컴퓨터공학과,19,2,1
취업성공을 위한 알짜정보탐색특강,1,1,1,1,1,2,컴퓨터공학과,19,2,1
취업성공을 위한 알짜정보탐색특강,1,1,1,1,1,1,컴퓨터공학과,18,1,1
취업성공을 위한 알짜정보탐색특강,1,1,1,1,1,5,컴퓨터공학과,20,1,1
취업성공을 위한 알짜정보탐색특강,1,1,2,2,2,4,컴퓨터공학과,18,1,1
취업성공을 위한 알짜정보탐색특강,2,2,1,2,2,6,컴퓨터공학과,18,1,1
취업성공을 위한 알짜정보탐색특강,2,1,1,1,2,9,컴퓨터공학과,19,1,1
취업성공을 위한 알짜정보탐색특강,1,2,2,2,2,3,컴퓨터공학과,19,1,1
취업성공을 위한 알짜정보탐색특강,2,1,1,1,1,2,컴퓨터공학과,22,2,1
취업성공을 위한 알짜정보탐색특강,1,1,1,1,1,1,컴퓨터공학과,18,1,1
취업성공을 위한 알짜정보탐색특강,1,1,1,1,1,5,컴퓨터공학과,20,1,1
취업성공을 위한 알짜정보탐색특강,1,1,1,1,1,1,컴퓨터공학과,20,1,1
취업성공을 위한 알짜정보탐색특강,3,2,2,3,2,4,컴퓨터공학과,22,2,1
취업성공을 위한 알짜정보탐색특강,2,2,2,2,2,6,컴퓨터공학과,21,2,1
취업성공을 위한 알짜정보탐색특강,1,1,1,1,1,1,컴퓨터공학과,19,1,1
취업성공을 위한 알짜정보탐색특강,1,1,1,1,1,1,컴퓨터공학과,19,1,1
취업성공을 위한 알짜정보탐색특강,1,1,1,1,1,5,컴퓨터공학과,19,1,1
취업성공을 위한 알짜정보탐색특강,1,1,2,1,2,5,컴퓨터공학과,18,1,1
취업성공을 위한 알짜정보탐색특강,1,1,1,1,1,4,컴퓨터공학과,18,1,1
취업성공을 위한 알짜정보탐색특강,2,2,1,2,2,5,컴퓨터공학과,19,1,1
취업성공을 위한 알짜정보탐색특강,1,1,1,1,2,4,컴퓨터공학과,18,1,1
취업성공을 위한 알짜정보탐색특강,1,1,1,1,1,5,컴퓨터공학과,18,1,1
취업성공을 위한 알짜정보탐색특강,2,2,2,2,3,3,컴퓨터공학과,19,1,1
취업성공을 위한 알짜정보탐색특강,1,1,1,1,1,1,컴퓨터공학과,19,1,1
e-Test,1,1,1,1,2,9999,패션의류학과,21,4,1
e-Test,1,1,1,1,1,9999,패션의류학과,22,4,1
One-day 입사사류,2,2,2,2,2,1,패션의류학과,21,4,2
One-day 입사사류,1,1,1,1,1,6,패션의류학과,21,4,2
One-day 입사사류,2,2,2,2,2,6,패션의류학과,22,4,2
One-day 입사사류,1,1,1,1,1,6,패션의류학과,21,4,2
One-day 입사사류,1,1,1,1,1,2,패션의류학과,21,4,2
One-day 입사사류,1,1,1,1,1,1,패션의류학과,24,4,1
One-day 입사사류,1,1,1,1,1,2,패션의류학과,23,4,1
One-day 입사사류,2,2,2,2,2,4,패션의류학과,22,4,2
One-day 입사사류,2,2,1,1,1,1,패션의류학과,23,4,1
One-day 입사사류,1,1,1,2,1,6,패션의류학과,24,4,1
One-day 입사사류,2,2,2,2,2,4,패션의류학과,22,4,2
One-day 입사사류,1,1,1,1,1,1,패션의류학과,21,4,2
공모전을 취업에 활용하기,3,3,4,3,3,9,패션의류학과,19,1,2
공모전을 취업에 활용하기,4,3,1,3,2,5,패션의류학과,18,1,2
공모전을 취업에 활용하기,2,2,1,2,2,6,패션의류학과,18,1,2
공모전을 취업에 활용하기,2,2,1,2,2,2,패션의류학과,18,1,2
공모전을 취업에 활용하기,1,1,1,1,1,5,패션의류학과,19,1,2
공모전을 취업에 활용하기,1,1,1,1,1,1,패션의류학과,19,1,1
공모전을 취업에 활용하기,1,1,1,1,1,5,패션의류학과,20,1,1
공모전을 취업에 활용하기,2,2,2,2,2,5,패션의류학과,18,1,9999
공모전을 취업에 활용하기,1,1,1,1,1,1,패션의류학과,19,1,1
공모전을 취업에 활용하기,3,3,3,3,3,2,패션의류학과,18,1,1
공모전을 취업에 활용하기,2,2,2,2,2,6,패션의류학과,18,1,1
공모전을 취업에 활용하기,1,1,1,1,1,5,패션의류학과,18,1,1
공모전을 취업에 활용하기,2,2,1,3,3,5,패션의류학과,18,1,1
공모전을 취업에 활용하기,2,1,1,1,1,5,패션의류학과,19,1,1
공모전을 취업에 활용하기,2,2,2,2,2,4,패션의류학과,18,1,2
공모전을 취업에 활용하기,2,2,2,2,2,2,패션의류학과,18,1,2
공모전을 취업에 활용하기,2,2,2,2,2,8,패션의류학과,18,1,2
공모전을 취업에 활용하기,1,2,2,1,1,2,패션의류학과,20,1,1
공모전을 취업에 활용하기,2,2,2,2,2,5,패션의류학과,18,1,2
공모전을 취업에 활용하기,3,2,1,3,2,2,패션의류학과,18,1,2
공모전을 취업에 활용하기,3,2,3,2,2,5,패션의류학과,18,1,1
공모전을 취업에 활용하기,1,1,1,1,1,5,패션의류학과,19,1,1
공모전을 취업에 활용하기,2,2,2,2,2,9999,패션의류학과,19,1,2
공모전을 취업에 활용하기,2,2,2,2,2,4,패션의류학과,20,1,1
공모전을 취업에 활용하기,1,1,1,1,1,2,패션의류학과,18,1,2
공모전을 취업에 활용하기,3,2,2,3,3,5,패션의류학과,20,1,2
공모전을 취업에 활용하기,1,2,1,2,1,6,패션의류학과,19,1,1
공모전을 취업에 활용하기,2,2,2,2,2,7,패션의류학과,18,1,2
공모전을 취업에 활용하기,2,1,2,2,1,3,패션의류학과,18,1,1
공모전을 취업에 활용하기,2,2,1,2,2,2,패션의류학과,19,1,2
컴퓨터활용능력,1,1,1,1,1,9999,한국어문학과,23,3,2
컴퓨터활용능력,2,1,2,2,2,9999,한국어문학과,23,4,2
컴퓨터활용능력,2,2,1,2,2,9999,한국어문학과,26,4,1
e-Test,1,2,2,2,2,9999,한국어문학과,23,2,1
One-day 입사사류,1,1,1,1,1,4,한국어문학과,21,4,2
One-day 입사사류,1,1,1,1,1,2,한국어문학과,23,4,2
One-day 입사사류,1,1,1,1,1,1,한국어문학과,27,4,1
One-day 입사사류,1,1,1,1,1,2,한국어문학과,23,4,1
One-day 입사사류,1,1,1,1,1,8,한국어문학과,25,4,1
One-day 입사사류,2,2,3,2,2,7,한국어문학과,23,4,2
One-day 입사사류,2,2,2,1,2,1,한국어문학과,24,3,1
One-day 입사사류,2,2,1,2,2,1,한국어문학과,25,4,1
One-day 입사사류,1,1,1,1,1,8,한국어문학과,25,4,1
One-day 입사사류,1,1,1,1,1,2,한국어문학과,21,4,2
One-day 입사사류,1,1,1,1,1,3,한국어문학과,22,4,2
One-day 입사사류,1,1,1,1,1,4,한국어문학과,22,4,2
One-day 입사사류,1,1,1,1,1,2,한국어문학과,23,4,2
One-day 입사사류,1,1,1,1,1,2,한국어문학과,23,4,2
취업성공을 위한 알짜정보탐색특강,1,1,1,1,1,8,한국어문학과,27,4,1
여대생 취업 DNA를 깨워라,2,2,1,1,2,5,한국어문학과,21,3,2
여대생 취업 DNA를 깨워라,2,2,2,4,3,2,한국어문학과,21,3,2
데일카네기 리더십캠프,2,2,1,1,2,5,한국어문학과,21,3,2
데일카네기 리더십캠프,3,3,2,3,3,2,한국어문학과,21,3,2
CAP+,1,1,1,1,1,6,한국어문학과,25,4,1
CAP+,1,1,1,1,1,2,한국어문학과,23,2,1
인문계열취업가이드,1,1,1,1,1,2,한국어어문학과,22,3,2
인문계열취업가이드,1,1,1,1,2,2,한국어어문학과,21,3,2
인문계열취업가이드,1,1,1,1,1,2,한국어어문학과,20,3,2
인문계열취업가이드,1,1,1,1,1,1,한국어어문학과,23,3,2
인문계열취업가이드,1,1,1,2,1,1,한국어어문학과,23,3,2
인문계열취업가이드,2,2,2,1,2,6,한국어어문학과,24,3,1
인문계열취업가이드,2,1,1,2,2,4,한국어어문학과,24,3,1
인문계열취업가이드,1,3,2,3,2,3,한국어어문학과,21,3,2
인문계열취업가이드,2,1,1,2,1,6,한국어어문학과,21,3,2
인문계열취업가이드,1,1,1,1,1,6,한국어어문학과,20,3,2
인문계열취업가이드,3,4,2,5,3,4,한국어어문학과,23,2,1
인문계열취업가이드,1,1,1,1,1,2,한국어어문학과,20,3,2
인문계열취업가이드,1,1,1,1,1,1,한국어어문학과,20,3,2
인문계열취업가이드,2,2,2,2,2,5,한국어어문학과,23,2,1
인문계열취업가이드,2,2,2,2,2,6,한국어어문학과,23,2,1
인문계열취업가이드,3,3,3,3,3,4,한국어어문학과,20,3,1
인문계열취업가이드,1,1,1,1,1,1,한국어어문학과,20,3,2
인문계열취업가이드,2,2,2,2,2,7,한국어어문학과,20,3,2
인문계열취업가이드,1,1,1,1,1,1,한국어어문학과,24,2,1
One-day 입사사류,1,2,2,1,2,2,항공서비스학과,24,4,1
One-day 입사사류,1,1,1,1,1,1,항공서비스학과,25,4,1
One-day 입사사류,1,1,1,1,1,2,항공서비스학과,23,4,1
One-day 입사사류,2,2,2,1,1,3,항공서비스학과,23,3,1
One-day 입사사류,1,1,1,1,1,3,항공서비스학과,23,4,1
One-day 입사사류,1,1,1,1,1,1,항공서비스학과,22,4,2
One-day 입사사류,1,1,1,1,1,1,항공서비스학과,22,4,2
One-day 입사사류,3,3,3,4,3,1,항공서비스학과,21,4,2
One-day 입사사류,2,2,1,1,2,2,항공서비스학과,22,4,2
One-day 입사사류,1,2,1,2,2,2,항공서비스학과,22,4,2
One-day 입사사류,2,2,1,2,2,2,항공서비스학과,21,4,2
One-day 입사사류,1,1,1,1,1,1,항공서비스학과,21,4,2
One-day 입사사류,1,1,1,1,1,1,항공서비스학과,21,4,2
One-day 입사사류,1,1,1,1,1,2,항공서비스학과,20,4,2
One-day 입사사류,2,2,2,2,2,2,항공서비스학과,21,4,2
One-day 입사사류,2,2,2,2,2,2,항공서비스학과,21,4,2
One-day 입사사류,2,2,2,2,2,3,항공서비스학과,22,4,2
One-day 입사사류,1,1,1,1,1,1,항공서비스학과,22,4,2
One-day 입사사류,2,2,2,2,2,1,항공서비스학과,21,4,2
One-day 입사사류,1,1,1,1,1,4,항공서비스학과,23,4,1
One-day 입사사류,1,1,1,1,1,1,항공서비스학과,21,4,2
One-day 입사사류,1,1,1,1,1,1,항공서비스학과,22,4,2
One-day 입사사류,2,2,1,2,2,1,항공서비스학과,22,4,2
One-day 입사사류,1,1,1,1,1,1,항공서비스학과,21,3,2
One-day 입사사류,1,1,1,1,1,1,항공서비스학과,21,4,2
One-day 입사사류,1,1,1,1,1,2,항공서비스학과,21,4,2
One-day 입사사류,1,1,1,1,1,2,항공서비스학과,21,4,2
One-day 입사사류,1,1,1,1,1,2,항공서비스학과,22,4,2
해외취업에 대한 A to Z,1,1,1,1,1,2,항공서비스학과,22,4,2
해외취업에 대한 A to Z,1,1,1,1,1,3,항공서비스학과,21,4,2
해외취업에 대한 A to Z,2,2,2,2,2,1,항공서비스학과,21,4,2
해외취업에 대한 A to Z,1,1,1,1,1,4,항공서비스학과,22,2,1
해외취업에 대한 A to Z,2,2,2,2,2,1,항공서비스학과,24,4,1
해외취업에 대한 A to Z,2,2,2,1,2,2,항공서비스학과,23,3,1
해외취업에 대한 A to Z,2,3,1,3,2,1,항공서비스학과,24,4,1
해외취업에 대한 A to Z,1,1,1,1,1,3,항공서비스학과,24,4,1
해외취업에 대한 A to Z,1,1,1,1,2,4,항공서비스학과,23,3,1
해외취업에 대한 A to Z,3,3,3,3,3,3,항공서비스학과,23,3,1
해외취업에 대한 A to Z,1,1,1,1,1,1,항공서비스학과,23,3,1
해외취업에 대한 A to Z,1,1,1,1,1,2,항공서비스학과,23,4,1
해외취업에 대한 A to Z,1,2,2,1,2,1,항공서비스학과,23,4,1
해외취업에 대한 A to Z,2,2,2,3,3,7,항공서비스학과,20,3,2
해외취업에 대한 A to Z,2,2,2,2,2,2,항공서비스학과,21,3,2
해외취업에 대한 A to Z,1,1,1,1,2,2,항공서비스학과,20,3,2
해외취업에 대한 A to Z,1,1,1,1,1,2,항공서비스학과,21,3,2
해외취업에 대한 A to Z,2,3,3,2,2,1,항공서비스학과,20,3,2
해외취업에 대한 A to Z,1,2,2,2,2,2,항공서비스학과,20,3,2
해외취업에 대한 A to Z,2,2,3,2,2,2,항공서비스학과,20,2,1
해외취업에 대한 A to Z,2,2,2,2,2,6,항공서비스학과,20,1,1
해외취업에 대한 A to Z,2,2,1,1,1,1,항공서비스학과,20,1,1
해외취업에 대한 A to Z,3,3,3,3,3,4,항공서비스학과,18,1,1
해외취업에 대한 A to Z,2,1,1,2,2,2,항공서비스학과,18,1,1
해외취업에 대한 A to Z,2,2,2,2,2,2,항공서비스학과,18,1,2
해외취업에 대한 A to Z,3,3,2,2,2,1,항공서비스학과,18,1,2
해외취업에 대한 A to Z,3,3,3,3,3,2,항공서비스학과,19,1,2
해외취업에 대한 A to Z,1,2,2,2,2,4,항공서비스학과,18,1,2
해외취업에 대한 A to Z,1,2,1,1,2,2,항공서비스학과,18,1,2
해외취업에 대한 A to Z,2,2,2,2,2,7,항공서비스학과,20,1,2
해외취업에 대한 A to Z,2,2,1,2,2,2,항공서비스학과,19,1,2
해외취업에 대한 A to Z,2,2,2,2,2,2,항공서비스학과,19,1,2
해외취업에 대한 A to Z,3,3,3,3,3,6,항공서비스학과,24,4,2
해외취업에 대한 A to Z,3,3,1,4,3,2,항공서비스학과,21,4,2
해외취업에 대한 A to Z,3,2,1,2,3,2,항공서비스학과,21,4,2
해외취업에 대한 A to Z,3,2,3,4,3,2,항공서비스학과,21,4,2
해외취업에 대한 A to Z,1,3,3,2,2,2,항공서비스학과,22,3,2
해외취업에 대한 A to Z,1,1,1,1,1,1,항공서비스학과,22,4,2
해외취업에 대한 A to Z,2,2,2,2,2,6,항공서비스학과,19,2,2
해외취업에 대한 A to Z,2,2,1,2,2,2,항공서비스학과,19,2,2
해외취업에 대한 A to Z,1,2,1,2,2,1,항공서비스학과,20,2,2
해외취업에 대한 A to Z,3,3,2,2,2,1,항공서비스학과,19,2,2
해외취업에 대한 A to Z,2,2,2,2,2,2,항공서비스학과,20,2,2
해외취업에 대한 A to Z,2,2,2,2,2,2,항공서비스학과,21,2,2
해외취업에 대한 A to Z,1,1,1,1,1,2,항공서비스학과,19,2,2
해외취업에 대한 A to Z,2,2,2,2,2,4,항공서비스학과,19,2,1
해외취업에 대한 A to Z,1,1,2,2,1,1,항공서비스학과,19,2,1
해외취업에 대한 A to Z,2,2,2,2,2,7,항공서비스학과,20,2,2
해외취업에 대한 A to Z,2,2,3,2,2,2,항공서비스학과,21,2,1
해외취업에 대한 A to Z,2,2,2,2,2,9,항공서비스학과,19,2,1
해외취업에 대한 A to Z,2,2,2,3,3,9,항공서비스학과,19,2,1
해외취업에 대한 A to Z,1,1,1,1,1,5,항공서비스학과,19,2,1
해외취업에 대한 A to Z,1,1,1,1,1,2,항공서비스학과,21,2,2
해외취업에 대한 A to Z,3,3,2,3,3,6,항공서비스학과,19,1,1
해외취업에 대한 A to Z,2,2,2,2,3,3,항공서비스학과,19,1,1
해외취업에 대한 A to Z,2,3,3,3,3,2,항공서비스학과,19,1,1
해외취업에 대한 A to Z,2,2,1,2,2,6,항공서비스학과,21,2,1
해외취업에 대한 A to Z,1,2,2,2,2,6,항공서비스학과,20,2,2
해외취업에 대한 A to Z,1,1,1,1,1,3,항공서비스학과,20,2,2
해외취업에 대한 A to Z,3,3,3,3,3,6,항공서비스학과,23,3,1
해외취업에 대한 A to Z,1,1,1,1,1,6,항공서비스학과,21,2,1
해외취업에 대한 A to Z,5,4,2,5,3,7,항공서비스학과,22,4,2
해외취업에 대한 A to Z,3,3,3,3,3,6,항공서비스학과,22,2,1
해외취업에 대한 A to Z,1,1,1,1,1,1,항공서비스학과,21,4,2
해외취업에 대한 A to Z,2,2,2,2,2,4,항공서비스학과,18,1,2
해외취업에 대한 A to Z,1,1,1,1,1,2,항공서비스학과,18,1,2
해외취업에 대한 A to Z,1,1,1,1,1,2,항공서비스학과,18,1,2
해외취업에 대한 A to Z,2,1,2,1,2,1,항공서비스학과,18,1,1
해외취업에 대한 A to Z,3,3,3,2,3,6,항공서비스학과,18,1,2
해외취업에 대한 A to Z,1,1,1,1,1,7,항공서비스학과,18,1,2
해외취업에 대한 A to Z,2,2,2,2,2,2,항공서비스학과,18,1,2
해외취업에 대한 A to Z,1,2,1,2,2,6,항공서비스학과,18,1,2
해외취업에 대한 A to Z,2,2,1,2,2,2,항공서비스학과,18,1,2
해외취업에 대한 A to Z,2,2,2,2,2,2,항공서비스학과,18,1,2
해외취업에 대한 A to Z,3,2,3,3,3,3,항공서비스학과,18,1,2
해외취업에 대한 A to Z,2,1,1,1,2,1,항공서비스학과,18,1,2
해외취업에 대한 A to Z,2,1,2,2,2,5,항공서비스학과,19,1,2
여대생 취업 DNA를 깨워라,2,2,2,2,3,1,항공서비스학과,21,4,2
여대생 취업 DNA를 깨워라,2,2,2,1,2,2,항공서비스학과,21,4,2
여대생 취업 DNA를 깨워라,2,2,3,3,3,6,항공서비스학과,22,3,2
여대생 취업 DNA를 깨워라,1,1,1,1,1,2,항공서비스학과,21,3,2
여대생 취업 DNA를 깨워라,2,2,2,2,3,7,항공서비스학과,19,1,2
여대생 취업 DNA를 깨워라,3,2,2,2,2,1,항공서비스학과,19,1,2
여대생 취업 DNA를 깨워라,2,2,1,2,2,4,항공서비스학과,18,1,2
여대생 취업 DNA를 깨워라,3,3,3,3,3,2,항공서비스학과,18,1,2
여대생 취업 DNA를 깨워라,2,2,2,2,3,4,항공서비스학과,18,1,2
여대생 취업 DNA를 깨워라,2,2,2,2,2,2,항공서비스학과,18,1,2
여대생 취업 DNA를 깨워라,2,2,1,2,2,4,항공서비스학과,18,1,2
여대생 취업 DNA를 깨워라,2,3,2,2,2,1,항공서비스학과,21,4,2
여대생 취업 DNA를 깨워라,1,1,1,1,1,1,항공서비스학과,21,4,2
여대생 취업 DNA를 깨워라,2,2,2,3,2,1,항공서비스학과,22,4,2
여대생 취업 DNA를 깨워라,3,3,2,3,3,3,항공서비스학과,18,1,2
여대생 취업 DNA를 깨워라,1,1,1,1,1,6,항공서비스학과,18,1,2
여대생 취업 DNA를 깨워라,2,1,2,1,1,3,항공서비스학과,20,1,2
여대생 취업 DNA를 깨워라,2,3,2,3,2,2,항공서비스학과,20,3,2
여대생 취업 DNA를 깨워라,3,3,3,3,3,2,항공서비스학과,22,4,2
여대생 취업 DNA를 깨워라,1,1,1,1,1,1,항공서비스학과,21,3,2
여대생 취업 DNA를 깨워라,2,2,2,2,2,2,항공서비스학과,19,2,2
여대생 취업 DNA를 깨워라,2,2,2,2,2,2,항공서비스학과,19,2,2
여대생 취업 DNA를 깨워라,3,2,1,2,2,2,항공서비스학과,21,4,2
여대생 취업 DNA를 깨워라,1,1,1,1,1,1,항공서비스학과,20,1,2
여대생 취업 DNA를 깨워라,2,2,2,2,2,1,항공서비스학과,21,3,2
여대생 취업 DNA를 깨워라,3,3,3,3,4,4,항공서비스학과,20,3,2
여대생 취업 DNA를 깨워라,3,3,3,3,3,1,항공서비스학과,18,1,2
여대생 취업 DNA를 깨워라,3,3,3,3,3,2,항공서비스학과,21,4,2
여대생 취업 DNA를 깨워라,2,2,1,2,2,1,항공서비스학과,22,4,2
여대생 취업 DNA를 깨워라,2,3,2,1,2,2,항공서비스학과,21,4,2
여대생 취업 DNA를 깨워라,1,1,1,1,1,1,항공서비스학과,22,3,2
여대생 취업 DNA를 깨워라,2,2,2,2,2,1,항공서비스학과,21,4,2
데일카네기 리더십캠프,1,1,1,1,1,2,항공서비스학과,19,1,2
데일카네기 리더십캠프,1,1,1,1,1,2,항공서비스학과,18,1,2
데일카네기 리더십캠프,2,2,2,3,2,2,항공서비스학과,18,1,2
데일카네기 리더십캠프,1,1,1,1,1,9,항공서비스학과,20,1,1
데일카네기 리더십캠프,1,1,1,1,1,2,항공서비스학과,18,1,1
데일카네기 리더십캠프,1,1,1,1,1,2,항공서비스학과,18,1,1
데일카네기 리더십캠프,1,1,1,1,1,1,항공서비스학과,18,1,2
데일카네기 리더십캠프,1,2,2,2,2,4,항공서비스학과,19,2,1
데일카네기 리더십캠프,1,1,1,1,1,2,항공서비스학과,18,1,1
데일카네기 리더십캠프,1,1,1,1,1,3,항공서비스학과,18,1,1
데일카네기 리더십캠프,1,2,2,2,2,2,항공서비스학과,19,2,1
데일카네기 리더십캠프,1,2,1,2,3,6,항공서비스학과,19,2,1
데일카네기 리더십캠프,1,1,1,1,1,6,항공서비스학과,22,3,1
데일카네기 리더십캠프,1,1,1,1,1,2,항공서비스학과,22,3,1
데일카네기 리더십캠프,2,2,2,2,2,2,항공서비스학과,20,2,2
데일카네기 리더십캠프,1,1,1,1,1,2,항공서비스학과,20,2,2
데일카네기 리더십캠프,2,2,2,2,2,1,항공서비스학과,20,2,2
데일카네기 리더십캠프,2,2,2,2,2,2,항공서비스학과,20,2,2
데일카네기 리더십캠프,1,1,1,1,1,5,항공서비스학과,22,2,1
데일카네기 리더십캠프,1,1,1,1,1,2,항공서비스학과,22,2,1
데일카네기 리더십캠프,1,1,1,1,1,1,항공서비스학과,20,3,1
데일카네기 리더십캠프,1,1,1,2,2,2,항공서비스학과,20,2,1
데일카네기 리더십캠프,2,2,2,3,2,3,항공서비스학과,20,2,1
데일카네기 리더십캠프,1,1,1,1,1,2,항공서비스학과,22,2,1
데일카네기 리더십캠프,1,1,1,1,1,4,항공서비스학과,20,2,1
데일카네기 리더십캠프,1,1,1,1,1,2,항공서비스학과,20,2,2
데일카네기 리더십캠프,1,1,1,1,2,6,항공서비스학과,22,1,1
데일카네기 리더십캠프,2,2,1,3,2,4,항공서비스학과,18,1,1
데일카네기 리더십캠프,1,1,1,1,1,6,항공서비스학과,19,1,1
데일카네기 리더십캠프,1,1,2,1,1,2,항공서비스학과,19,1,1
데일카네기 리더십캠프,1,1,1,1,1,2,항공서비스학과,19,1,1
데일카네기 리더십캠프,1,1,1,1,1,6,항공서비스학과,19,1,1
데일카네기 리더십캠프,2,1,1,1,1,2,항공서비스학과,18,1,1
데일카네기 리더십캠프,1,1,1,1,1,9,항공서비스학과,18,1,1
데일카네기 리더십캠프,2,2,2,2,2,2,항공서비스학과,20,2,2
데일카네기 리더십캠프,1,1,1,1,1,6,항공서비스학과,20,2,2
데일카네기 리더십캠프,1,1,1,1,1,5,항공서비스학과,19,2,2
데일카네기 리더십캠프,1,1,1,2,2,7,항공서비스학과,20,3,2
데일카네기 리더십캠프,1,1,1,1,1,4,항공서비스학과,20,3,2
데일카네기 리더십캠프,1,1,1,1,1,6,항공서비스학과,18,1,1
데일카네기 리더십캠프,2,2,1,1,2,3,항공서비스학과,19,1,1
데일카네기 리더십캠프,1,1,1,1,1,4,항공서비스학과,20,1,1
데일카네기 리더십캠프,2,2,1,2,1,3,항공서비스학과,18,1,1
데일카네기 리더십캠프,1,1,1,1,1,2,항공서비스학과,19,1,1
데일카네기 리더십캠프,1,1,1,1,1,4,항공서비스학과,19,1,1
데일카네기 리더십캠프,1,1,1,1,1,2,항공서비스학과,18,1,1
데일카네기 리더십캠프,1,1,1,1,1,2,항공서비스학과,19,1,1
e-Test,1,1,2,2,2,9999,호텔외식조리학과,21,4,1
One-day 입사사류,1,1,1,1,1,2,호텔외식조리학과,23,4,2
One-day 입사사류,1,1,1,1,1,2,호텔외식조리학과,22,4,2
One-day 입사사류,1,1,1,1,1,2,호텔외식조리학과,21,4,2
One-day 입사사류,1,1,1,1,2,3,호텔외식조리학과,24,4,2
One-day 입사사류,1,1,1,1,1,7,호텔외식조리학과,21,4,2
One-day 입사사류,1,1,1,1,1,2,호텔외식조리학과,22,4,2
One-day 입사사류,1,1,1,2,2,2,호텔외식조리학과,22,4,2
One-day 입사사류,1,2,1,1,2,2,호텔외식조리학과,21,4,2
One-day 입사사류,1,1,1,1,1,1,호텔외식조리학과,23,4,2
One-day 입사사류,1,1,1,1,1,2,호텔외식조리학과,23,4,1
One-day 입사사류,1,1,1,2,1,2,호텔외식조리학과,29,4,2
One-day 입사사류,1,1,1,2,1,2,호텔외식조리학과,25,4,1
One-day 입사사류,2,2,2,1,1,2,호텔외식조리학과,23,4,1
One-day 입사사류,1,1,1,1,1,2,호텔외식조리학과,22,4,2
One-day 입사사류,1,1,1,1,1,6,호텔외식조리학과,22,4,2
One-day 입사사류,1,1,1,1,1,1,호텔외식조리학과,22,4,2
One-day 입사사류,1,1,1,1,1,1,호텔외식조리학과,23,4,2
One-day 입사사류,1,1,1,1,1,1,호텔외식조리학과,23,4,1
One-day 입사사류,1,1,1,1,2,1,호텔외식조리학과,22,4,2
One-day 입사사류,1,1,1,3,3,1,호텔외식조리학과,21,4,2
One-day 입사사류,1,1,1,1,1,1,호텔외식조리학과,24,4,1
One-day 입사사류,2,1,1,1,1,1,호텔외식조리학과,22,4,2
One-day 입사사류,2,2,2,2,2,1,호텔외식조리학과,22,4,2
One-day 입사사류,1,1,1,1,1,1,호텔외식조리학과,22,4,1
해외취업에 대한 A to Z,1,1,1,1,1,3,호텔외식조리학과,19,2,1
해외취업에 대한 A to Z,1,1,1,1,1,3,호텔외식조리학과,19,2,1
모의경영을 퉁한 직무설정,1,1,2,4,2,6,호텔외식조리학과,20,2,1
모의경영을 퉁한 직무설정,1,1,2,2,2,1,호텔외식조리학과,24,3,1
모의경영을 퉁한 직무설정,2,2,1,2,2,6,호텔외식조리학과,21,3,1
모의경영을 퉁한 직무설정,1,1,1,2,1,4,호텔외식조리학과,20,2,1
모의경영을 퉁한 직무설정,2,1,1,2,2,6,호텔외식조리학과,20,2,1
모의경영을 퉁한 직무설정,1,1,1,1,1,4,호텔외식조리학과,19,2,2
모의경영을 퉁한 직무설정,1,1,1,1,1,2,호텔외식조리학과,19,1,2
모의경영을 퉁한 직무설정,1,1,2,1,1,2,호텔외식조리학과,19,2,2
모의경영을 퉁한 직무설정,1,2,1,2,1,4,호텔외식조리학과,19,2,2
모의경영을 퉁한 직무설정,3,2,1,3,2,4,호텔외식조리학과,19,2,2
모의경영을 퉁한 직무설정,1,1,1,2,1,6,호텔외식조리학과,20,2,1
모의경영을 퉁한 직무설정,2,2,2,3,2,3,호텔외식조리학과,20,2,1
모의경영을 퉁한 직무설정,2,2,2,1,2,4,호텔외식조리학과,19,1,2
모의경영을 퉁한 직무설정,2,2,2,2,2,4,호텔외식조리학과,20,2,2
모의경영을 퉁한 직무설정,3,4,3,3,3,4,호텔외식조리학과,20,2,2
모의경영을 퉁한 직무설정,3,3,3,3,3,5,호텔외식조리학과,20,2,2
모의경영을 퉁한 직무설정,3,3,3,3,3,4,호텔외식조리학과,20,2,2
모의경영을 퉁한 직무설정,1,1,1,1,1,4,호텔외식조리학과,21,2,1
모의경영을 퉁한 직무설정,1,1,1,1,1,6,호텔외식조리학과,21,2,1
컴퓨터활용능력,2,2,2,2,1,9999,화장품학부,21,2,2
컴퓨터활용능력,1,1,1,2,1,9999,화장품학부,24,3,2
e-Test,1,1,1,2,2,9999,화장품학부,23,3,2
e-Test,1,1,1,1,1,9999,화장품학부,23,4,2
e-Test,1,1,1,1,1,9999,화장품학부,23,4,1
e-Test,1,1,1,1,1,9999,화장품학부,23,4,1
One-day 입사사류,1,1,1,1,1,1,화장품학부,22,4,2
One-day 입사사류,2,1,1,1,2,1,화장품학부,22,4,2
One-day 입사사류,1,1,1,1,1,1,화장품학부,22,4,2
One-day 입사사류,1,1,1,1,1,2,화장품학부,21,4,2
One-day 입사사류,3,2,1,2,2,1,화장품학부,21,4,2
One-day 입사사류,1,2,1,1,1,2,화장품학부,21,4,2
One-day 입사사류,1,1,1,1,1,1,화장품학부,21,4,2
One-day 입사사류,1,1,1,1,1,1,화장품학부,22,4,2
One-day 입사사류,2,2,2,2,2,4,화장품학부,21,4,2
One-day 입사사류,1,1,1,1,1,2,화장품학부,21,4,2
One-day 입사사류,2,2,2,2,2,3,화장품학부,22,4,2
One-day 입사사류,2,2,2,2,2,1,화장품학부,22,4,2
One-day 입사사류,2,2,2,2,3,2,화장품학부,23,4,1
One-day 입사사류,1,1,1,1,1,1,화장품학부,23,4,1
One-day 입사사류,1,1,1,1,1,2,화장품학부,23,4,1
One-day 입사사류,1,1,1,2,2,1,화장품학부,23,4,1
One-day 입사사류,2,2,2,2,2,2,화장품학부,23,4,1
One-day 입사사류,1,1,1,1,1,1,화장품학부,22,4,2
One-day 입사사류,1,1,1,1,1,5,화장품학부,21,4,2
One-day 입사사류,1,1,1,1,1,2,화장품학부,25,4,1
One-day 입사사류,1,1,1,2,1,2,화장품학부,24,4,1
One-day 입사사류,2,2,2,2,2,6,화장품학부,22,4,2
충북우수중소기업바로알기특강,1,1,1,1,1,2,화장품학부,19,1,1
충북우수중소기업바로알기특강,1,1,1,1,1,2,화장품학부,20,1,1
충북우수중소기업바로알기특강,1,1,1,2,1,6,화장품학부,18,1,1
충북우수중소기업바로알기특강,2,1,1,1,1,2,화장품학부,19,1,1
충북우수중소기업바로알기특강,2,1,3,3,3,2,화장품학부,18,1,1
충북우수중소기업바로알기특강,2,1,3,3,3,2,화장품학부,19,1,1
충북우수중소기업바로알기특강,1,1,1,2,2,6,화장품학부,18,1,1
충북우수중소기업바로알기특강,1,2,1,1,1,2,화장품학부,20,1,1
충북우수중소기업바로알기특강,1,2,2,2,2,2,화장품학부,19,1,1
충북우수중소기업바로알기특강,1,2,1,1,2,2,화장품학부,18,1,1
충북우수중소기업바로알기특강,1,2,2,2,2,2,화장품학부,18,1,1
충북우수중소기업바로알기특강,1,1,1,2,2,6,화장품학부,18,1,1
충북우수중소기업바로알기특강,1,2,1,1,1,2,화장품학부,18,1,1
충북우수중소기업바로알기특강,1,2,1,2,2,2,화장품학부,18,1,1
충북우수중소기업바로알기특강,1,2,1,1,2,2,화장품학부,18,1,1
충북우수중소기업바로알기특강,1,2,1,2,2,2,화장품학부,18,1,1
충북우수중소기업바로알기특강,1,2,1,2,2,2,화장품학부,18,1,1
충북우수중소기업바로알기특강,1,1,1,1,1,2,화장품학부,18,1,2
충북우수중소기업바로알기특강,1,1,1,1,1,6,화장품학부,18,1,2
충북우수중소기업바로알기특강,1,1,1,1,1,2,화장품학부,18,1,2
충북우수중소기업바로알기특강,2,2,1,2,2,2,화장품학부,18,1,2
충북우수중소기업바로알기특강,2,2,1,1,1,2,화장품학부,19,1,2
충북우수중소기업바로알기특강,1,1,1,1,1,2,화장품학부,19,1,2
충북우수중소기업바로알기특강,1,1,1,1,1,1,화장품학부,18,1,2
충북우수중소기업바로알기특강,1,1,1,1,1,2,화장품학부,19,1,2
충북우수중소기업바로알기특강,1,1,1,1,1,2,화장품학부,19,1,2
충북우수중소기업바로알기특강,2,1,1,1,1,6,화장품학부,20,1,2
충북우수중소기업바로알기특강,1,1,1,1,1,6,화장품학부,19,1,2
충북우수중소기업바로알기특강,2,1,1,1,1,2,화장품학부,18,1,2
충북우수중소기업바로알기특강,3,2,1,3,3,6,화장품학부,18,1,2
충북우수중소기업바로알기특강,1,2,3,3,3,9,화장품학부,18,1,2
충북우수중소기업바로알기특강,1,2,1,3,2,2,화장품학부,18,1,2
충북우수중소기업바로알기특강,1,2,1,2,2,7,화장품학부,18,1,2
충북우수중소기업바로알기특강,1,1,1,1,2,6,화장품학부,18,1,2
충북우수중소기업바로알기특강,1,2,1,2,2,2,화장품학부,18,1,2
충북우수중소기업바로알기특강,2,2,1,2,2,2,화장품학부,19,1,2
충북우수중소기업바로알기특강,1,2,1,2,2,7,화장품학부,21,1,2
충북우수중소기업바로알기특강,1,1,1,1,1,2,화장품학부,19,1,2
충북우수중소기업바로알기특강,1,1,1,1,1,5,화장품학부,18,1,2
충북우수중소기업바로알기특강,1,1,1,1,1,2,화장품학부,18,1,2
충북우수중소기업바로알기특강,1,1,1,1,1,2,화장품학부,17,1,2
충북우수중소기업바로알기특강,2,2,1,1,2,2,화장품학부,18,1,2
충북우수중소기업바로알기특강,2,1,1,1,2,6,화장품학부,18,1,2
충북우수중소기업바로알기특강,2,1,1,3,2,7,화장품학부,19,1,2
충북우수중소기업바로알기특강,1,1,1,1,1,6,화장품학부,19,1,2
충북우수중소기업바로알기특강,1,1,1,1,1,2,화장품학부,19,1,2
충북우수중소기업바로알기특강,2,2,2,3,3,6,화장품학부,19,1,2
충북우수중소기업바로알기특강,1,2,3,3,2,9,화장품학부,19,1,2
충북우수중소기업바로알기특강,1,2,1,3,2,2,화장품학부,19,1,2
충북우수중소기업바로알기특강,2,2,1,2,2,4,화장품학부,19,1,2
충북우수중소기업바로알기특강,2,1,1,1,2,6,화장품학부,19,1,2
충북우수중소기업바로알기특강,1,1,1,2,2,2,화장품학부,19,1,2
충북우수중소기업바로알기특강,1,1,1,2,2,2,화장품학부,19,1,2
충북우수중소기업바로알기특강,1,1,1,2,2,7,화장품학부,19,1,2
충북우수중소기업바로알기특강,1,1,1,1,1,4,화장품학부,19,1,2
충북우수중소기업바로알기특강,1,1,1,1,1,6,화장품학부,19,1,2
충북우수중소기업바로알기특강,1,1,1,1,1,2,화장품학부,19,1,2
충북우수중소기업바로알기특강,1,1,1,1,1,2,화장품학부,19,1,2
One-day 입사사류,2,2,3,2,3,1,환경공학과,23,4,1
One-day 입사사류,1,1,1,1,1,2,환경공학과,25,4,1
One-day 입사사류,3,2,3,2,2,2,환경공학과,26,4,1
One-day 입사사류,1,2,1,2,1,2,환경공학과,23,4,1
One-day 입사사류,2,2,2,2,2,2,환경공학과,23,4,1
One-day 입사사류,2,1,1,1,1,3,환경공학과,26,4,1
One-day 입사사류,1,1,1,1,1,1,환경공학과,27,4,1
One-day 입사사류,2,2,1,1,2,6,환경공학과,23,4,1
One-day 입사사류,3,3,3,3,3,2,환경공학과,23,4,1
One-day 입사사류,2,2,2,1,1,2,환경공학과,24,4,1
e-Test,2,1,1,1,1,9999,회계학과,24,4,1
e-Test,1,1,1,1,1,9999,회계학과,26,3,2
One-day 입사사류,1,1,1,1,1,5,회계학과,21,4,2
One-day 입사사류,2,1,1,1,1,1,회계학과,23,4,1
One-day 입사사류,1,1,1,1,1,2,회계학과,27,4,1
One-day 입사사류,1,1,2,1,2,1,회계학과,23,4,1
One-day 입사사류,2,2,2,2,2,2,회계학과,23,4,1
One-day 입사사류,2,2,2,2,2,4,회계학과,23,4,1
One-day 입사사류,1,1,1,1,1,1,회계학과,22,4,2
One-day 입사사류,2,1,1,1,1,2,회계학과,21,4,2
One-day 입사사류,2,2,1,2,2,2,회계학과,24,4,1
One-day 입사사류,2,2,2,2,2,1,회계학과,22,4,2
One-day 입사사류,1,1,1,1,1,2,회계학과,21,4,2
One-day 입사사류,1,1,1,1,1,3,회계학과,23,4,1
One-day 입사사류,2,2,2,2,2,4,회계학과,24,4,1
One-day 입사사류,1,2,2,3,3,4,회계학과,24,4,1
One-day 입사사류,1,1,1,1,1,3,회계학과,25,4,2
One-day 입사사류,1,2,2,2,2,1,회계학과,23,4,1
One-day 입사사류,2,2,2,2,2,1,회계학과,23,4,1
One-day 입사사류,1,1,1,1,1,1,회계학과,23,4,1
One-day 입사사류,1,1,2,2,1,2,회계학과,21,4,2
One-day 입사사류,2,2,2,2,2,4,회계학과,22,4,2
One-day 입사사류,1,1,1,2,2,2,회계학과,21,4,2
One-day 입사사류,2,2,2,2,2,2,회계학과,21,4,2
One-day 입사사류,3,2,2,2,3,4,회계학과,21,4,2
One-day 입사사류,1,1,1,1,1,1,회계학과,24,3,1
One-day 입사사류,1,1,1,1,1,2,회계학과,23,4,1
One-day 입사사류,2,2,2,2,2,1,회계학과,22,4,1
취업성공을 위한 알짜정보탐색특강,2,1,2,2,2,4,회계학과,21,3,1
취업성공을 위한 알짜정보탐색특강,1,2,1,1,2,2,회계학과,23,3,1
취업성공을 위한 알짜정보탐색특강,2,2,2,2,2,4,회계학과,23,3,1
취업성공을 위한 알짜정보탐색특강,1,1,1,1,1,4,회계학과,23,3,1
취업성공을 위한 알짜정보탐색특강,1,1,1,1,1,3,회계학과,23,3,1
취업성공을 위한 알짜정보탐색특강,2,2,2,2,2,1,회계학과,25,3,1
취업성공을 위한 알짜정보탐색특강,1,1,1,1,1,5,회계학과,18,1,2
취업성공을 위한 알짜정보탐색특강,2,2,1,3,3,2,회계학과,19,1,2
취업성공을 위한 알짜정보탐색특강,2,2,2,2,2,6,회계학과,18,1,2
취업성공을 위한 알짜정보탐색특강,3,3,1,2,2,1,회계학과,18,1,2
취업성공을 위한 알짜정보탐색특강,1,1,1,1,1,1,회계학과,23,3,1
CAP+,2,1,2,1,2,4,회계학과,22,3,1
CAP+,1,1,1,1,1,1,회계학과,23,3,1
CAP+,2,2,1,3,3,6,회계학과,23,3,1
CAP+,1,1,1,1,1,4,회계학과,21,3,2
CAP+,1,1,1,2,2,7,회계학과,19,2,2
CAP+,1,1,1,1,1,1,회계학과,23,3,1
CAP+,1,1,1,1,1,1,회계학과,23,3,1
공모전을 취업에 활용하기,3,3,2,3,3,5,9999,21,3,2
